id_estudiante,nombre,apellido_paterno,apellido_materno,seccion,jornada,tarea_1,tarea_2,tarea_3,tarea_4,control_1,control_2,control_3,solemne_1,solemne_2,solemne_3,promedio_tareas,promedio_controles,promedio_solemnes,nota_presentacion,examen,nota_final,estado,tramo_rendimiento
IP2026-001,Matías,Flores,Torres,B,Diurna,5.4,5.1,5.0,6.0,3.9,4.5,4.8,4.1,4.4,5.2,5.4,4.4,4.6,4.7,5.4,4.9,Aprobado,Medio
IP2026-002,Andrés,Tapia,Ramírez,C,Diurna,3.1,4.4,3.0,4.3,2.7,2.0,3.4,2.9,4.3,4.3,3.7,2.7,3.8,3.5,2.7,3.3,Reprobado,Bajo
IP2026-003,Antonella,López,Paredes,A,Diurna,4.9,4.6,3.8,4.0,3.8,4.6,4.2,5.6,3.7,3.6,4.3,4.2,4.3,4.3,4.8,4.4,Aprobado,Medio
IP2026-004,Maximiliano,Castro,Flores,B,Diurna,4.7,3.5,4.1,4.2,5.0,4.0,3.3,3.0,3.1,4.3,4.1,4.1,3.5,3.8,3.4,3.7,Reprobado,Bajo
IP2026-005,Josefa,Torres,Vergara,C,Diurna,6.5,6.4,5.8,4.7,5.9,6.1,5.5,4.8,5.1,6.5,5.8,5.8,5.5,5.6,5.1,5.4,Aprobado,Medio
IP2026-006,Esteban,Silva,Navarro,C,Vespertina,3.2,2.9,1.9,4.2,2.6,2.6,3.0,1.9,2.1,2.6,3.0,2.7,2.2,2.5,2.5,2.5,Reprobado,Bajo
IP2026-007,Francisca,Morales,Jara,A,Diurna,6.1,5.4,5.8,6.8,6.6,6.3,6.6,3.9,5.4,5.8,6.0,6.5,5.0,5.6,4.8,5.4,Aprobado,Medio
IP2026-008,Sebastián,Núñez,Bravo,D,Vespertina,3.8,4.3,5.5,4.2,5.8,4.5,5.2,4.9,5.0,4.2,4.5,5.2,4.7,4.8,4.5,4.7,Aprobado,Medio
IP2026-009,Vicente,Paredes,Campos,A,Diurna,5.1,4.8,6.1,6.4,4.3,4.8,5.4,3.7,5.2,5.5,5.6,4.8,4.8,5.0,4.4,4.8,Aprobado,Medio
IP2026-010,Gabriela,Díaz,Navarro,A,Diurna,3.9,3.2,3.4,3.9,4.0,3.6,3.4,3.7,2.3,4.3,3.6,3.7,3.4,3.5,4.0,3.6,Reprobado,Bajo
IP2026-011,Vicente,Torres,Morales,D,Diurna,5.1,4.5,4.6,3.9,2.9,5.2,5.3,4.2,4.3,4.1,4.5,4.5,4.2,4.3,3.8,4.1,Aprobado,Medio
IP2026-012,Bastián,Castillo,Díaz,A,Diurna,7.0,6.0,5.7,4.9,4.9,5.5,5.9,5.7,5.2,4.9,5.9,5.4,5.3,5.4,4.9,5.2,Aprobado,Medio
IP2026-013,Agustina,Figueroa,Rivera,C,Vespertina,4.8,4.5,4.4,6.1,5.4,5.2,7.0,4.7,5.3,5.2,5.0,5.9,5.1,5.3,5.2,5.3,Aprobado,Medio
IP2026-014,Santiago,Torres,Gutiérrez,C,Diurna,7.0,6.1,6.0,6.5,5.5,5.3,4.9,6.1,6.3,6.8,6.4,5.2,6.4,6.1,6.6,6.2,Aprobado,Alto
IP2026-015,Emilia,Bravo,Fuentes,C,Diurna,6.3,5.8,5.5,6.4,7.0,6.0,5.7,5.4,5.9,5.2,6.0,6.2,5.5,5.8,5.7,5.8,Aprobado,Medio
IP2026-016,Santiago,Cáceres,Sepúlveda,A,Vespertina,4.3,5.1,3.3,5.1,2.9,4.1,4.6,4.7,4.7,4.6,4.4,3.9,4.7,4.4,4.0,4.3,Aprobado,Medio
IP2026-017,Rodrigo,Torres,Morales,B,Vespertina,6.4,4.6,5.9,5.5,5.7,5.4,6.7,4.6,5.9,7.0,5.6,5.9,5.8,5.8,5.3,5.6,Aprobado,Medio
IP2026-018,Diego,Muñoz,Miranda,B,Diurna,4.2,3.0,3.8,4.4,3.3,5.2,4.2,3.6,4.8,4.2,3.9,4.2,4.2,4.1,4.1,4.1,Aprobado,Medio
IP2026-019,Fernanda,Castillo,Tapia,A,Diurna,4.2,3.0,3.0,2.4,2.9,2.7,4.2,3.5,3.0,3.8,3.1,3.3,3.4,3.3,3.9,3.5,Reprobado,Bajo
IP2026-020,Paula,Valenzuela,Miranda,D,Diurna,4.0,3.9,5.4,5.2,5.3,3.6,5.4,4.3,5.1,4.9,4.6,4.8,4.8,4.8,3.9,4.5,Aprobado,Medio
IP2026-021,Daniela,Fernández,Fernández,B,Diurna,5.2,6.3,5.0,5.2,5.6,5.1,4.9,6.1,5.4,5.5,5.4,5.2,5.7,5.5,6.4,5.8,Aprobado,Medio
IP2026-022,Maximiliano,Álvarez,Campos,B,Diurna,4.5,5.5,3.6,5.4,3.6,4.6,5.7,4.0,3.7,3.1,4.8,4.6,3.6,4.1,3.6,3.9,Reprobado,Bajo
IP2026-023,Maximiliano,Martínez,Carrasco,C,Vespertina,5.3,4.1,5.6,4.3,4.1,4.8,4.8,5.4,4.8,4.0,4.8,4.6,4.7,4.7,4.3,4.6,Aprobado,Medio
IP2026-024,Andrés,Espinoza,Torres,C,Diurna,3.7,4.3,4.3,3.6,4.1,3.7,4.1,4.0,3.4,4.2,4.0,4.0,3.9,3.9,2.3,3.4,Reprobado,Bajo
IP2026-025,Bruno,Rivera,Castro,D,Diurna,5.7,7.0,5.6,6.4,6.4,6.9,6.4,6.3,5.9,7.0,6.2,6.6,6.4,6.4,6.1,6.3,Aprobado,Alto
IP2026-026,Julieta,Martínez,Vera,A,Vespertina,5.2,5.2,4.5,5.0,5.3,4.2,5.1,5.0,4.4,5.5,5.0,4.9,5.0,5.0,4.8,4.9,Aprobado,Medio
IP2026-027,Cristóbal,Muñoz,Jara,A,Vespertina,5.0,3.3,4.8,5.1,4.9,5.1,4.5,3.8,5.0,5.9,4.6,4.8,4.9,4.8,4.8,4.8,Aprobado,Medio
IP2026-028,Renato,Morales,Valenzuela,A,Diurna,4.5,5.2,4.5,3.8,3.9,4.7,5.8,4.1,5.6,5.2,4.5,4.8,5.0,4.8,3.7,4.5,Aprobado,Medio
IP2026-029,Martín,Jara,Tapia,C,Diurna,3.5,4.2,4.4,3.6,4.0,4.2,3.0,3.5,2.7,2.9,3.9,3.7,3.0,3.4,3.5,3.4,Reprobado,Bajo
IP2026-030,Trinidad,Torres,Soto,C,Vespertina,4.0,5.8,4.7,4.9,4.8,4.7,4.0,5.0,3.8,4.6,4.8,4.5,4.5,4.6,4.7,4.6,Aprobado,Medio
IP2026-031,Vicente,Torres,Álvarez,D,Diurna,5.3,4.7,4.1,5.0,4.1,4.0,4.1,4.1,5.3,4.6,4.8,4.1,4.7,4.6,4.2,4.5,Aprobado,Medio
IP2026-032,Antonia,Hernández,Silva,B,Diurna,4.2,3.5,2.9,2.7,2.8,2.0,2.5,3.5,3.0,3.2,3.3,2.4,3.2,3.0,3.4,3.1,Reprobado,Bajo
IP2026-033,Sebastián,Rojas,Díaz,C,Diurna,5.5,5.7,5.6,6.3,7.0,6.4,4.8,5.9,5.7,6.2,5.8,6.1,5.9,5.9,5.8,5.9,Aprobado,Medio
IP2026-034,Simón,Rivera,Valenzuela,A,Vespertina,5.0,5.2,5.7,4.5,5.1,6.2,3.5,4.4,5.8,4.2,5.1,4.9,4.8,4.9,4.2,4.7,Aprobado,Medio
IP2026-035,Álvaro,Fuentes,Araya,A,Diurna,3.7,3.7,4.0,5.1,3.6,3.2,3.4,2.3,4.1,3.1,4.1,3.4,3.2,3.4,2.6,3.2,Reprobado,Bajo
IP2026-036,Amanda,Jara,Hernández,B,Vespertina,2.8,4.0,3.1,4.0,4.1,3.5,3.1,4.4,3.6,3.7,3.5,3.6,3.9,3.7,3.7,3.7,Reprobado,Bajo
IP2026-037,Santiago,Tapia,Castillo,C,Diurna,6.1,5.1,5.2,4.2,4.7,4.4,4.2,4.5,4.4,7.0,5.1,4.4,5.3,5.0,3.9,4.7,Aprobado,Medio
IP2026-038,Cristóbal,Reyes,Álvarez,C,Diurna,4.7,3.8,3.5,4.3,3.8,4.5,4.4,4.7,4.8,4.9,4.1,4.2,4.8,4.5,3.6,4.2,Aprobado,Medio
IP2026-039,Esteban,Jara,Carrasco,D,Diurna,5.4,5.0,5.1,5.3,5.2,4.2,5.7,4.7,5.0,3.9,5.2,5.0,4.5,4.8,4.8,4.8,Aprobado,Medio
IP2026-040,Isidora,Hernández,Silva,D,Vespertina,4.3,3.9,3.4,3.5,4.0,3.7,4.2,4.2,4.8,4.1,3.8,4.0,4.4,4.2,3.8,4.1,Aprobado,Medio
IP2026-041,Sebastián,Álvarez,Ramírez,C,Vespertina,5.9,6.2,5.5,6.1,5.2,5.8,5.6,6.0,6.4,7.0,5.9,5.5,6.5,6.1,5.7,6.0,Aprobado,Alto
IP2026-042,Florencia,Castillo,Molina,D,Diurna,5.0,5.9,5.2,4.1,4.2,5.5,4.6,4.1,4.9,5.0,5.1,4.8,4.7,4.8,4.1,4.6,Aprobado,Medio
IP2026-043,Vicente,Molina,Araya,C,Diurna,2.5,3.7,3.0,3.1,3.0,4.0,3.7,3.4,3.7,3.5,3.1,3.6,3.5,3.4,3.4,3.4,Reprobado,Bajo
IP2026-044,Renato,Campos,Paredes,A,Diurna,5.6,5.1,5.8,5.8,5.7,4.1,4.8,5.1,5.4,5.9,5.6,4.9,5.5,5.4,4.7,5.2,Aprobado,Medio
IP2026-045,Cristóbal,Figueroa,Sepúlveda,B,Diurna,6.3,4.8,5.7,6.1,4.7,6.0,5.0,4.6,5.3,6.7,5.7,5.2,5.5,5.5,5.7,5.6,Aprobado,Medio
IP2026-046,Amanda,Torres,Castro,C,Diurna,5.1,4.2,5.1,4.0,3.2,5.1,4.6,2.6,4.3,4.1,4.6,4.3,3.7,4.0,5.1,4.3,Aprobado,Medio
IP2026-047,Valentina,Campos,López,C,Diurna,5.8,4.4,4.5,5.6,3.8,4.3,5.3,4.9,4.8,4.5,5.1,4.5,4.7,4.7,5.2,4.8,Aprobado,Medio
IP2026-048,Paula,Herrera,Flores,B,Diurna,5.3,4.5,4.8,5.1,4.3,5.8,4.4,4.0,2.7,5.8,4.9,4.8,4.2,4.5,4.3,4.4,Aprobado,Medio
IP2026-049,Isidora,Vargas,González,C,Diurna,5.7,3.5,5.2,5.3,6.0,5.0,3.6,4.1,4.9,5.1,4.9,4.9,4.7,4.8,5.4,5.0,Aprobado,Medio
IP2026-050,Maite,Álvarez,Silva,B,Diurna,4.2,4.8,5.1,4.4,6.3,5.0,4.6,4.2,4.7,6.1,4.6,5.3,5.0,5.0,4.4,4.8,Aprobado,Medio
IP2026-051,Rafaela,Álvarez,Flores,A,Diurna,5.3,4.5,5.2,4.1,4.9,4.7,6.1,4.0,4.6,4.3,4.8,5.2,4.3,4.6,4.8,4.7,Aprobado,Medio
IP2026-052,Benjamín,Ramírez,Torres,B,Vespertina,6.1,5.3,4.6,5.4,3.8,4.6,4.8,6.8,4.9,4.0,5.3,4.4,5.2,5.0,4.7,4.9,Aprobado,Medio
IP2026-053,Esteban,Muñoz,Martínez,A,Diurna,5.4,5.3,4.9,5.0,4.0,4.9,4.2,4.1,4.8,5.7,5.2,4.4,4.9,4.8,4.6,4.7,Aprobado,Medio
IP2026-054,Daniela,Vidal,Muñoz,A,Vespertina,3.2,3.2,4.9,4.5,4.7,5.1,5.2,3.4,3.9,3.9,4.0,5.0,3.7,4.1,4.7,4.3,Aprobado,Medio
IP2026-055,Daniela,Herrera,Bravo,D,Diurna,5.2,4.7,4.6,5.4,4.6,5.7,4.9,5.0,4.2,5.6,5.0,5.1,4.9,5.0,4.7,4.9,Aprobado,Medio
IP2026-056,Isidora,Soto,Soto,A,Diurna,3.9,4.4,3.2,3.3,2.8,4.6,2.5,2.0,4.1,4.1,3.7,3.3,3.4,3.4,3.6,3.5,Reprobado,Bajo
IP2026-057,Fernanda,Contreras,Rivera,B,Diurna,5.7,5.5,5.2,6.0,3.9,4.7,4.5,4.2,4.2,4.9,5.6,4.4,4.4,4.6,4.1,4.4,Aprobado,Medio
IP2026-058,Tomás,Flores,Cáceres,C,Vespertina,3.4,5.1,4.5,4.6,3.9,3.5,4.1,3.5,4.2,4.0,4.4,3.8,3.9,4.0,4.5,4.1,Aprobado,Medio
IP2026-059,Santiago,Díaz,Sepúlveda,B,Vespertina,3.6,3.6,4.1,4.9,3.6,4.2,3.6,2.9,3.4,3.9,4.1,3.8,3.4,3.6,3.9,3.7,Reprobado,Bajo
IP2026-060,Matías,Fuentes,Valenzuela,B,Vespertina,6.3,4.0,4.4,4.0,4.0,3.3,4.0,3.6,4.8,4.3,4.7,3.8,4.2,4.2,3.5,4.0,Aprobado,Medio
IP2026-061,Julieta,Pérez,Castillo,D,Diurna,3.1,4.6,2.5,2.8,3.6,3.3,3.8,2.8,2.8,3.1,3.2,3.6,2.9,3.1,2.7,3.0,Reprobado,Bajo
IP2026-062,Valentina,Ramírez,Morales,A,Diurna,5.1,4.5,3.4,5.0,4.0,4.8,5.0,3.5,3.9,4.4,4.5,4.6,3.9,4.2,3.9,4.1,Aprobado,Medio
IP2026-063,Daniela,Rivera,Figueroa,D,Diurna,5.5,4.8,4.1,5.2,3.9,3.9,4.4,4.2,5.4,5.2,4.9,4.1,4.9,4.7,5.3,4.9,Aprobado,Medio
IP2026-064,Isidora,Vidal,Soto,D,Diurna,5.3,5.4,4.1,4.9,5.6,5.1,5.3,5.9,5.8,4.5,4.9,5.3,5.4,5.3,6.2,5.6,Aprobado,Medio
IP2026-065,Benjamín,Torres,Paredes,D,Vespertina,5.1,6.6,5.7,5.8,5.3,5.3,5.5,6.3,5.4,6.2,5.8,5.4,6.0,5.8,6.8,6.1,Aprobado,Alto
IP2026-066,Felipe,Soto,Figueroa,B,Vespertina,1.8,2.9,2.6,2.2,2.5,2.7,3.3,2.2,1.4,4.4,2.4,2.8,2.7,2.7,2.7,2.7,Reprobado,Bajo
IP2026-067,Álvaro,Miranda,Tapia,C,Diurna,6.5,7.0,5.5,5.9,5.3,4.5,4.3,4.8,4.3,5.2,6.2,4.7,4.8,5.1,5.7,5.3,Aprobado,Medio
IP2026-068,Josefa,Morales,Rodríguez,B,Diurna,5.8,5.5,5.5,6.5,5.7,6.4,7.0,6.3,4.9,6.7,5.8,6.4,6.0,6.1,7.0,6.4,Aprobado,Alto
IP2026-069,Daniela,Espinoza,Castro,D,Vespertina,4.4,4.1,4.7,5.1,5.6,4.0,4.9,5.9,4.8,6.5,4.6,4.8,5.7,5.3,5.7,5.4,Aprobado,Medio
IP2026-070,Camilo,Fernández,Reyes,A,Diurna,3.8,3.2,3.6,4.1,3.5,2.8,3.4,4.2,3.4,1.9,3.7,3.2,3.2,3.3,3.5,3.4,Reprobado,Bajo
IP2026-071,Daniela,Vera,González,A,Diurna,3.2,4.6,4.0,4.6,4.0,4.9,4.0,3.7,4.4,3.5,4.1,4.3,3.9,4.0,3.1,3.7,Reprobado,Bajo
IP2026-072,Andrés,Sepúlveda,Espinoza,D,Diurna,4.6,4.1,4.6,5.6,4.3,4.8,4.0,5.8,4.8,5.4,4.7,4.4,5.3,5.0,5.2,5.1,Aprobado,Medio
IP2026-073,Antonia,Muñoz,Reyes,A,Diurna,4.8,5.0,3.6,4.6,5.2,5.7,3.9,4.8,3.9,4.0,4.5,4.9,4.2,4.4,5.4,4.7,Aprobado,Medio
IP2026-074,Florencia,Espinoza,López,A,Vespertina,4.9,4.7,3.6,5.4,4.4,4.0,5.6,5.0,4.6,4.2,4.7,4.7,4.6,4.6,5.8,5.0,Aprobado,Medio
IP2026-075,Laura,Vargas,Fernández,D,Diurna,5.0,5.2,4.2,5.4,5.1,4.8,4.9,4.9,4.6,5.4,4.9,4.9,5.0,5.0,4.0,4.7,Aprobado,Medio
IP2026-076,Andrés,Fernández,Reyes,D,Diurna,4.9,6.0,4.1,5.4,4.6,3.6,5.3,3.4,2.9,5.0,5.1,4.5,3.8,4.2,4.9,4.4,Aprobado,Medio
IP2026-077,Florencia,Martínez,Pérez,B,Vespertina,3.9,3.0,3.6,5.4,3.6,4.0,3.7,4.7,4.4,4.8,4.0,3.8,4.6,4.3,4.2,4.3,Aprobado,Medio
IP2026-078,Julieta,Vergara,Silva,C,Vespertina,3.6,4.7,4.1,4.5,4.2,4.6,5.1,5.1,4.1,6.1,4.2,4.6,5.1,4.8,4.4,4.7,Aprobado,Medio
IP2026-079,Renata,Pérez,Vergara,C,Vespertina,5.3,4.2,5.2,5.4,5.5,5.7,5.8,4.8,4.1,5.8,5.0,5.7,4.9,5.1,4.3,4.9,Aprobado,Medio
IP2026-080,Vicente,Valenzuela,Vargas,D,Diurna,5.3,5.1,4.8,5.3,4.8,6.2,4.7,4.9,5.1,6.2,5.1,5.2,5.4,5.3,5.2,5.3,Aprobado,Medio
IP2026-081,Camilo,Silva,Núñez,B,Diurna,5.3,5.6,6.0,6.0,6.0,5.5,5.1,4.8,6.4,6.2,5.7,5.5,5.8,5.7,5.0,5.5,Aprobado,Medio
IP2026-082,Esteban,Vera,Bravo,C,Vespertina,3.0,2.8,2.6,2.8,2.2,2.4,3.8,2.1,3.2,2.9,2.8,2.8,2.7,2.7,4.3,3.2,Reprobado,Bajo
IP2026-083,Valentina,Navarro,Vargas,C,Diurna,4.0,4.4,4.4,3.8,4.5,4.0,3.3,4.5,3.7,4.1,4.2,3.9,4.1,4.1,4.1,4.1,Aprobado,Medio
IP2026-084,Valentina,Sepúlveda,Contreras,A,Diurna,6.2,6.0,6.1,5.3,5.3,5.7,5.0,4.7,5.6,5.7,5.9,5.3,5.3,5.4,5.5,5.4,Aprobado,Medio
IP2026-085,Paula,Carrasco,Torres,B,Diurna,6.0,5.7,6.4,6.3,6.3,6.5,5.7,6.4,6.3,6.2,6.1,6.2,6.3,6.2,5.6,6.0,Aprobado,Alto
IP2026-086,Isidora,Castro,Herrera,D,Vespertina,2.8,3.6,2.8,3.2,2.2,3.9,2.6,2.9,3.6,2.8,3.1,2.9,3.1,3.1,3.1,3.1,Reprobado,Bajo
IP2026-087,Andrés,Ramírez,Molina,D,Diurna,3.5,4.7,4.5,3.5,3.1,4.0,3.3,3.9,3.9,4.1,4.0,3.5,4.0,3.9,3.7,3.8,Reprobado,Bajo
IP2026-088,Antonella,Valenzuela,Cáceres,A,Diurna,5.3,4.9,5.0,4.2,4.8,4.6,3.8,3.7,5.6,4.9,4.8,4.4,4.7,4.6,5.4,4.8,Aprobado,Medio
IP2026-089,Lucas,Muñoz,Fernández,C,Diurna,3.1,4.4,4.0,3.3,3.2,4.0,4.9,3.9,2.9,5.3,3.7,4.0,4.0,3.9,3.1,3.7,Reprobado,Bajo
IP2026-090,Agustina,Navarro,Vidal,C,Diurna,4.6,4.8,4.1,4.3,4.5,4.0,3.7,3.1,5.4,4.4,4.4,4.1,4.3,4.3,3.8,4.1,Aprobado,Medio
IP2026-091,Pablo,Navarro,Jara,D,Vespertina,4.8,3.5,4.3,3.9,2.3,2.1,3.4,4.0,2.9,3.9,4.1,2.6,3.6,3.5,3.5,3.5,Reprobado,Bajo
IP2026-092,Diego,Díaz,Miranda,B,Diurna,3.1,2.7,2.5,1.3,2.0,1.3,3.5,2.9,2.1,3.2,2.4,2.3,2.7,2.5,4.1,3.0,Reprobado,Bajo
IP2026-093,Emilia,Vidal,Díaz,A,Diurna,3.6,2.6,3.6,1.7,3.9,3.1,3.0,2.2,2.8,1.6,2.9,3.3,2.2,2.6,2.6,2.6,Reprobado,Bajo
IP2026-094,Antonella,Bravo,Contreras,C,Diurna,6.3,6.5,5.4,6.3,6.1,6.3,6.7,5.7,6.4,5.9,6.1,6.4,6.0,6.1,5.0,5.8,Aprobado,Medio
IP2026-095,Tomás,Vera,Campos,D,Vespertina,3.7,3.7,3.2,3.9,3.2,4.3,3.8,2.8,3.2,3.2,3.6,3.8,3.1,3.4,2.8,3.2,Reprobado,Bajo
IP2026-096,Esteban,Silva,Carrasco,C,Diurna,4.6,4.9,4.3,6.0,4.9,5.5,6.9,4.3,5.3,5.9,5.0,5.8,5.2,5.3,5.3,5.3,Aprobado,Medio
IP2026-097,Francisca,Jara,Miranda,B,Vespertina,4.3,4.7,5.0,4.7,5.3,3.5,5.0,5.3,5.3,5.9,4.7,4.6,5.5,5.1,4.2,4.8,Aprobado,Medio
IP2026-098,Isidora,Herrera,Fernández,A,Diurna,5.0,4.9,3.5,3.7,5.1,4.5,3.7,4.9,4.7,6.5,4.3,4.4,5.4,4.9,5.7,5.1,Aprobado,Medio
IP2026-099,Rodrigo,Molina,Rojas,C,Diurna,3.4,6.0,4.0,6.0,5.4,4.6,4.7,3.9,4.0,4.8,4.8,4.9,4.2,4.5,4.3,4.4,Aprobado,Medio
IP2026-100,Paula,Martínez,Hernández,A,Vespertina,5.0,4.3,4.8,4.3,4.5,5.0,5.8,4.3,4.3,4.1,4.6,5.1,4.2,4.5,3.7,4.3,Aprobado,Medio
IP2026-101,Diego,Fuentes,Pérez,A,Diurna,5.7,5.1,3.8,4.7,4.8,4.5,5.4,4.6,5.5,4.5,4.8,4.9,4.9,4.9,3.9,4.6,Aprobado,Medio
IP2026-102,Valentina,Valenzuela,Sepúlveda,B,Diurna,4.3,5.2,5.5,4.6,4.5,4.1,5.5,3.9,5.2,4.5,4.9,4.7,4.5,4.6,4.0,4.4,Aprobado,Medio
IP2026-103,Constanza,Rodríguez,Jara,D,Diurna,5.9,5.4,4.4,5.7,4.6,5.4,5.1,5.1,4.5,5.4,5.4,5.0,5.0,5.1,3.9,4.7,Aprobado,Medio
IP2026-104,Sebastián,Castro,Navarro,A,Vespertina,4.9,3.7,5.1,4.3,6.3,6.5,5.2,5.1,4.9,5.8,4.5,6.0,5.3,5.3,5.3,5.3,Aprobado,Medio
IP2026-105,Andrés,Bravo,Paredes,B,Diurna,4.2,3.9,3.4,5.5,3.0,4.5,4.2,3.0,4.1,4.8,4.2,3.9,4.0,4.0,3.9,4.0,Aprobado,Medio
IP2026-106,Bastián,Sepúlveda,Muñoz,C,Diurna,3.6,3.5,4.1,3.5,4.0,3.8,3.2,3.1,2.5,3.2,3.7,3.7,2.9,3.3,2.2,3.0,Reprobado,Bajo
IP2026-107,Martina,Reyes,Morales,B,Diurna,5.5,5.3,6.1,4.1,4.5,4.2,4.2,5.6,5.3,6.3,5.2,4.3,5.7,5.2,6.0,5.4,Aprobado,Medio
IP2026-108,Florencia,Vera,Campos,D,Diurna,2.8,2.5,1.7,2.5,3.2,2.3,2.0,2.7,2.4,3.3,2.4,2.5,2.8,2.6,2.2,2.5,Reprobado,Bajo
IP2026-109,Lucas,Vera,Núñez,C,Vespertina,2.8,3.7,4.5,5.6,4.8,3.6,5.2,3.3,4.9,4.8,4.2,4.5,4.3,4.3,4.1,4.2,Aprobado,Medio
IP2026-110,Andrés,Morales,Soto,D,Vespertina,6.7,7.0,5.7,6.9,7.0,6.3,5.9,6.2,7.0,6.5,6.6,6.4,6.6,6.5,6.0,6.3,Aprobado,Alto
IP2026-111,Tomás,Castillo,Muñoz,B,Diurna,3.9,4.0,3.8,3.1,3.8,3.1,3.6,2.9,4.5,3.5,3.7,3.5,3.6,3.6,1.8,3.1,Reprobado,Bajo
IP2026-112,Joaquín,Tapia,Hernández,A,Diurna,5.4,5.8,5.3,6.2,5.1,4.3,6.5,4.1,5.6,5.2,5.7,5.3,5.0,5.2,5.0,5.1,Aprobado,Medio
IP2026-113,Belén,Torres,Paredes,A,Diurna,4.9,5.2,5.4,5.1,4.4,5.3,5.2,5.0,4.1,5.2,5.2,5.0,4.8,4.9,4.8,4.9,Aprobado,Medio
IP2026-114,María José,Soto,Bravo,C,Vespertina,4.7,2.6,3.7,4.7,5.1,4.3,4.2,4.2,4.9,4.8,3.9,4.5,4.6,4.4,4.7,4.5,Aprobado,Medio
IP2026-115,Camila,Valenzuela,Molina,A,Diurna,4.7,5.1,5.5,5.1,5.1,4.3,5.4,4.1,3.8,5.5,5.1,4.9,4.5,4.7,4.2,4.5,Aprobado,Medio
IP2026-116,Trinidad,Bravo,Cáceres,B,Diurna,3.9,3.4,3.1,4.7,3.7,4.2,5.6,3.2,5.5,5.2,3.8,4.5,4.6,4.4,6.5,5.0,Aprobado,Medio
IP2026-117,Esteban,Vergara,Muñoz,D,Vespertina,3.6,1.9,2.6,2.7,2.5,3.2,3.3,3.1,2.3,3.4,2.7,3.0,2.9,2.9,2.2,2.7,Reprobado,Bajo
IP2026-118,María José,Rojas,Gutiérrez,A,Diurna,4.5,4.0,4.4,4.0,3.3,4.2,5.9,4.8,5.0,5.1,4.2,4.5,5.0,4.7,5.8,5.0,Aprobado,Medio
IP2026-119,Maximiliano,Gutiérrez,Vargas,D,Vespertina,4.0,3.8,3.6,3.4,3.5,3.1,3.1,3.7,3.5,4.1,3.7,3.2,3.8,3.6,2.9,3.4,Reprobado,Bajo
IP2026-120,Trinidad,Pérez,Valenzuela,A,Vespertina,5.4,6.1,6.7,5.3,5.4,5.5,5.9,5.3,5.0,4.8,5.9,5.6,5.0,5.3,5.5,5.4,Aprobado,Medio
IP2026-121,Constanza,Muñoz,Vera,B,Diurna,3.7,2.8,2.8,3.5,3.1,3.7,4.0,3.9,3.4,3.2,3.2,3.6,3.5,3.5,4.1,3.7,Reprobado,Bajo
IP2026-122,Rafaela,Vargas,Figueroa,A,Diurna,4.8,4.6,5.6,5.2,4.8,5.1,5.2,4.9,5.6,4.2,5.0,5.0,4.9,4.9,4.9,4.9,Aprobado,Medio
IP2026-123,Pablo,Castro,Tapia,B,Diurna,3.7,3.8,3.7,4.6,2.1,2.3,4.0,2.8,3.4,3.9,3.9,2.8,3.4,3.4,2.5,3.1,Reprobado,Bajo
IP2026-124,Agustina,Cortés,Álvarez,D,Diurna,3.7,3.8,4.6,4.4,4.4,3.8,2.8,3.3,3.7,4.8,4.1,3.7,3.9,3.9,4.6,4.1,Aprobado,Medio
IP2026-125,María José,Rojas,Fernández,B,Vespertina,6.0,5.1,4.3,6.2,3.0,5.8,5.2,4.4,5.4,4.3,5.4,4.7,4.7,4.8,4.2,4.6,Aprobado,Medio
IP2026-126,Martina,Vera,Martínez,B,Vespertina,5.7,5.6,6.2,4.6,5.4,5.4,4.5,5.4,4.0,5.5,5.5,5.1,5.0,5.1,5.9,5.3,Aprobado,Medio
IP2026-127,Julieta,Díaz,Flores,B,Diurna,4.6,3.6,4.6,4.9,3.5,3.6,5.1,4.3,4.1,3.5,4.4,4.1,4.0,4.1,4.1,4.1,Aprobado,Medio
IP2026-128,Daniela,Cortés,Castillo,A,Vespertina,3.1,3.6,2.7,4.3,3.2,5.1,3.8,3.2,4.0,3.9,3.4,4.0,3.7,3.7,4.5,3.9,Reprobado,Bajo
IP2026-129,Pablo,Cortés,Ramírez,A,Diurna,5.9,6.0,6.0,5.5,6.6,5.3,5.8,4.7,6.3,4.5,5.8,5.9,5.2,5.5,6.0,5.6,Aprobado,Medio
IP2026-130,Martín,Miranda,Vidal,B,Diurna,5.4,5.2,5.0,5.1,5.0,4.2,4.6,4.6,4.9,4.8,5.2,4.6,4.8,4.8,5.1,4.9,Aprobado,Medio
IP2026-131,Renata,Martínez,Molina,A,Diurna,5.0,5.7,5.5,4.0,4.3,4.2,5.9,5.2,4.7,4.9,5.0,4.8,4.9,4.9,4.6,4.8,Aprobado,Medio
IP2026-132,Rodrigo,Álvarez,Vera,D,Vespertina,4.5,2.8,5.1,4.0,4.2,3.9,4.3,2.9,3.7,3.2,4.1,4.1,3.3,3.7,3.0,3.5,Reprobado,Bajo
IP2026-133,Bruno,Miranda,Valenzuela,B,Diurna,4.7,2.3,2.8,3.4,2.2,3.2,1.5,2.6,4.7,3.1,3.3,2.3,3.5,3.2,4.1,3.5,Reprobado,Bajo
IP2026-134,Fernanda,Jara,Navarro,B,Vespertina,4.9,3.8,3.9,5.0,4.1,2.8,3.8,2.9,3.7,3.8,4.4,3.6,3.5,3.7,3.4,3.6,Reprobado,Bajo
IP2026-135,Sebastián,Soto,Valenzuela,A,Diurna,4.4,4.2,4.9,5.0,4.6,4.0,5.2,4.6,5.6,5.5,4.6,4.6,5.2,4.9,4.0,4.6,Aprobado,Medio
IP2026-136,Agustina,Miranda,Rodríguez,A,Diurna,4.3,2.7,3.7,4.0,4.3,3.8,2.6,3.6,3.5,4.4,3.7,3.6,3.8,3.7,3.4,3.6,Reprobado,Bajo
IP2026-137,Antonia,Núñez,Pérez,C,Diurna,3.3,4.0,3.6,4.5,4.5,4.4,3.9,3.3,3.7,4.0,3.9,4.3,3.7,3.9,4.2,4.0,Aprobado,Medio
IP2026-138,Fernanda,Castro,Sepúlveda,B,Vespertina,4.5,4.2,4.9,3.9,5.1,4.6,5.0,3.9,5.2,5.1,4.4,4.9,4.7,4.7,4.5,4.6,Aprobado,Medio
IP2026-139,Ignacio,Pérez,Carrasco,C,Vespertina,3.8,5.1,3.9,3.6,2.7,5.2,5.2,3.7,3.8,3.2,4.1,4.4,3.6,3.9,4.0,3.9,Reprobado,Bajo
IP2026-140,Sofía,Hernández,Jara,C,Diurna,3.7,3.2,4.6,3.9,4.1,4.5,3.8,5.3,3.4,4.2,3.9,4.1,4.3,4.2,4.6,4.3,Aprobado,Medio
IP2026-141,Rodrigo,Hernández,Núñez,D,Diurna,4.0,4.0,3.7,3.6,1.3,3.7,3.1,3.3,2.5,4.2,3.8,2.7,3.3,3.2,2.9,3.1,Reprobado,Bajo
IP2026-142,Daniela,Flores,Hernández,A,Vespertina,1.9,2.2,2.9,3.3,3.0,2.8,2.1,1.2,3.0,3.8,2.6,2.6,2.7,2.7,3.3,2.9,Reprobado,Bajo
IP2026-143,Carolina,Paredes,Cáceres,A,Diurna,6.3,6.4,5.9,7.0,6.9,7.0,6.8,5.4,5.9,6.2,6.4,6.9,5.8,6.2,7.0,6.4,Aprobado,Alto
IP2026-144,Matías,Díaz,Hernández,B,Diurna,3.9,1.9,2.3,5.2,3.9,3.3,4.0,2.9,2.8,3.8,3.3,3.7,3.2,3.3,2.3,3.0,Reprobado,Bajo
IP2026-145,Benjamín,Carrasco,Díaz,B,Vespertina,4.5,5.3,5.3,4.8,4.4,5.0,4.3,4.1,4.4,4.4,5.0,4.6,4.3,4.5,5.0,4.7,Aprobado,Medio
IP2026-146,Sebastián,Castro,Martínez,D,Diurna,5.8,6.8,4.2,6.4,5.4,5.4,6.0,6.6,5.7,5.9,5.8,5.6,6.1,5.9,6.2,6.0,Aprobado,Alto
IP2026-147,Rafaela,Hernández,Muñoz,C,Diurna,6.8,6.3,6.0,6.1,6.8,5.0,7.0,6.8,6.5,7.0,6.3,6.3,6.8,6.6,6.8,6.7,Aprobado,Alto
IP2026-148,Tomás,Torres,Figueroa,C,Vespertina,4.8,6.1,4.9,5.0,4.9,6.5,5.2,4.4,5.2,5.0,5.2,5.5,4.9,5.1,5.1,5.1,Aprobado,Medio
IP2026-149,Emilio,Hernández,Muñoz,D,Diurna,5.4,3.6,4.0,4.4,2.8,3.4,4.4,2.7,5.2,2.9,4.3,3.5,3.6,3.7,2.6,3.4,Reprobado,Bajo
IP2026-150,Antonella,Contreras,Ramírez,C,Diurna,6.2,4.4,4.9,4.9,4.0,5.6,4.4,4.1,5.7,5.2,5.1,4.7,5.0,4.9,4.3,4.7,Aprobado,Medio
IP2026-151,Josefa,Rodríguez,González,D,Vespertina,5.2,3.9,4.5,4.6,4.0,4.7,5.3,4.7,4.3,5.6,4.5,4.7,4.9,4.8,6.0,5.2,Aprobado,Medio
IP2026-152,Daniela,González,Araya,B,Diurna,2.5,1.9,3.3,4.1,2.2,2.0,2.7,2.1,2.5,1.4,3.0,2.3,2.0,2.3,2.5,2.4,Reprobado,Bajo
IP2026-153,Tomás,Fernández,Pérez,A,Diurna,2.4,3.8,1.6,2.7,3.5,3.4,2.5,2.2,4.4,3.3,2.6,3.1,3.3,3.1,3.8,3.3,Reprobado,Bajo
IP2026-154,Benjamín,Contreras,Ramírez,B,Vespertina,6.0,4.4,4.2,5.4,4.9,3.9,4.5,4.5,4.7,5.8,5.0,4.4,5.0,4.8,5.4,5.0,Aprobado,Medio
IP2026-155,Catalina,Contreras,Muñoz,B,Diurna,3.5,4.5,3.8,3.9,3.4,3.8,4.5,3.3,3.4,4.2,3.9,3.9,3.6,3.7,3.2,3.5,Reprobado,Bajo
IP2026-156,Antonella,Díaz,Sepúlveda,A,Diurna,4.9,3.5,4.2,5.1,3.9,3.3,4.4,3.1,4.8,4.5,4.4,3.9,4.1,4.1,4.1,4.1,Aprobado,Medio
IP2026-157,Francisco,Rivera,Núñez,B,Diurna,6.9,6.4,4.9,7.0,4.4,7.0,5.8,5.5,6.5,7.0,6.3,5.7,6.3,6.2,6.4,6.3,Aprobado,Alto
IP2026-158,María José,Vargas,Vergara,C,Vespertina,5.3,4.3,4.6,5.7,5.3,4.4,4.9,5.3,5.1,6.2,5.0,4.9,5.5,5.2,5.9,5.4,Aprobado,Medio
IP2026-159,Gabriela,Jara,Reyes,D,Diurna,2.8,4.0,3.1,3.0,2.2,4.2,3.4,3.0,2.8,3.5,3.2,3.3,3.1,3.2,2.8,3.1,Reprobado,Bajo
IP2026-160,Emilia,Flores,Cortés,A,Vespertina,4.9,3.9,5.2,4.2,4.0,2.9,4.9,3.4,4.7,3.7,4.5,3.9,3.9,4.0,3.9,4.0,Aprobado,Medio
IP2026-161,Francisco,Morales,Pérez,C,Diurna,5.8,6.2,5.0,5.4,5.1,5.0,4.8,5.1,4.5,5.6,5.6,5.0,5.1,5.2,4.0,4.8,Aprobado,Medio
IP2026-162,Diego,Gutiérrez,Cortés,D,Diurna,4.7,4.6,3.0,3.6,3.0,3.3,4.0,1.9,2.9,4.3,4.0,3.4,3.0,3.3,2.6,3.1,Reprobado,Bajo
IP2026-163,Sebastián,Vidal,Álvarez,A,Vespertina,4.5,4.9,3.9,4.8,4.6,3.4,3.7,3.1,4.8,3.1,4.5,3.9,3.7,3.9,3.5,3.8,Reprobado,Bajo
IP2026-164,Agustina,Núñez,Vera,D,Diurna,6.9,5.8,6.2,6.6,7.0,6.0,6.7,6.3,7.0,6.5,6.4,6.6,6.6,6.6,7.0,6.7,Aprobado,Alto
IP2026-165,Catalina,Sepúlveda,Núñez,B,Vespertina,4.8,4.2,3.7,3.3,4.9,5.7,5.0,4.9,4.8,4.3,4.0,5.2,4.7,4.7,5.1,4.8,Aprobado,Medio
IP2026-166,Esteban,Jara,Campos,D,Vespertina,7.0,6.8,6.1,6.9,6.5,6.3,7.0,6.2,6.0,6.2,6.7,6.6,6.1,6.3,5.8,6.1,Aprobado,Alto
IP2026-167,Diego,Reyes,Hernández,C,Diurna,4.7,4.6,3.8,3.9,3.7,3.9,4.6,4.5,4.0,3.7,4.2,4.1,4.1,4.1,3.0,3.8,Reprobado,Bajo
IP2026-168,Agustín,López,Ramírez,D,Vespertina,6.4,5.7,5.7,4.7,7.0,5.4,5.8,4.9,5.6,5.7,5.6,6.1,5.4,5.6,4.8,5.4,Aprobado,Medio
IP2026-169,Cristóbal,Soto,Martínez,D,Diurna,3.4,3.7,3.6,3.3,3.1,2.7,2.7,2.0,3.0,4.1,3.5,2.8,3.0,3.0,2.8,2.9,Reprobado,Bajo
IP2026-170,Paula,Figueroa,Valenzuela,B,Diurna,5.7,4.6,5.1,5.3,4.8,6.0,5.3,5.0,4.8,6.3,5.2,5.4,5.4,5.4,4.7,5.2,Aprobado,Medio
IP2026-171,Diego,Hernández,Martínez,B,Diurna,5.5,4.5,4.0,5.1,6.0,4.7,3.7,3.0,5.0,4.3,4.8,4.8,4.1,4.4,3.8,4.2,Aprobado,Medio
IP2026-172,Javiera,Cáceres,Sepúlveda,B,Diurna,4.8,4.2,5.1,5.2,5.1,5.1,5.0,4.3,4.5,4.7,4.8,5.1,4.5,4.7,5.0,4.8,Aprobado,Medio
IP2026-173,Renato,Araya,Núñez,B,Diurna,5.9,5.4,6.0,6.3,6.2,6.2,5.4,5.5,7.0,5.8,5.9,5.9,6.1,6.0,6.9,6.3,Aprobado,Alto
IP2026-174,Maite,Hernández,Carrasco,C,Diurna,7.0,5.9,7.0,6.3,6.5,7.0,5.4,6.6,6.5,6.2,6.5,6.3,6.4,6.4,5.9,6.2,Aprobado,Alto
IP2026-175,Rafaela,Flores,Soto,C,Vespertina,3.6,5.3,4.7,3.7,4.4,4.1,4.4,4.0,4.8,4.4,4.3,4.3,4.4,4.4,3.6,4.2,Aprobado,Medio
IP2026-176,Martina,Vera,Castro,C,Diurna,6.9,5.6,6.3,7.0,5.7,7.0,6.7,7.0,6.3,5.3,6.5,6.5,6.2,6.3,6.1,6.2,Aprobado,Alto
IP2026-177,Esteban,Ramírez,Núñez,A,Diurna,5.4,5.6,5.2,4.2,5.9,4.6,3.9,4.3,4.1,4.6,5.1,4.8,4.3,4.6,4.6,4.6,Aprobado,Medio
IP2026-178,Antonia,Díaz,Herrera,B,Diurna,4.7,4.9,4.9,4.7,4.9,6.1,5.0,5.5,5.1,5.9,4.8,5.3,5.5,5.3,5.5,5.4,Aprobado,Medio
IP2026-179,Simón,Bravo,Vera,C,Vespertina,5.5,3.8,5.1,4.5,4.8,3.9,4.8,4.0,4.5,5.0,4.7,4.5,4.5,4.5,4.5,4.5,Aprobado,Medio
IP2026-180,Carolina,Campos,Espinoza,C,Diurna,4.2,4.1,3.7,3.9,3.7,4.6,3.9,2.8,4.3,4.1,4.0,4.1,3.7,3.9,3.6,3.8,Reprobado,Bajo
IP2026-181,Florencia,Campos,Navarro,A,Vespertina,2.5,3.2,4.5,3.7,3.4,2.5,1.7,2.8,3.5,4.0,3.5,2.5,3.4,3.2,3.2,3.2,Reprobado,Bajo
IP2026-182,Agustina,Bravo,Bravo,C,Diurna,5.1,5.1,6.9,6.2,5.0,5.7,5.9,4.7,4.2,5.1,5.8,5.5,4.7,5.1,6.1,5.4,Aprobado,Medio
IP2026-183,Renata,Vergara,Campos,B,Diurna,5.4,4.2,5.0,4.2,3.9,3.7,4.8,4.4,3.4,4.4,4.7,4.1,4.1,4.2,3.9,4.1,Aprobado,Medio
IP2026-184,Laura,Tapia,González,A,Diurna,4.4,5.2,5.3,5.0,5.9,4.6,4.4,4.6,4.6,5.0,5.0,5.0,4.7,4.8,4.5,4.7,Aprobado,Medio
IP2026-185,Bastián,Vidal,Vergara,D,Diurna,5.8,4.8,6.7,4.7,4.6,5.8,5.6,4.8,4.2,4.3,5.5,5.3,4.4,4.8,5.6,5.0,Aprobado,Medio
IP2026-186,Francisca,Figueroa,Jara,B,Vespertina,3.5,4.5,4.6,3.8,4.1,3.5,4.7,4.6,4.9,4.3,4.1,4.1,4.6,4.4,5.0,4.6,Aprobado,Medio
IP2026-187,Benjamín,Sepúlveda,Castillo,A,Vespertina,5.0,5.1,4.9,4.5,5.7,4.9,5.3,4.5,4.4,5.0,4.9,5.3,4.6,4.8,4.0,4.6,Aprobado,Medio
IP2026-188,Trinidad,Gutiérrez,Espinoza,B,Vespertina,5.8,4.4,4.3,4.4,4.8,3.6,3.5,4.3,4.7,5.1,4.7,4.0,4.7,4.5,4.1,4.4,Aprobado,Medio
IP2026-189,Ignacio,Araya,Jara,C,Diurna,4.6,5.1,4.6,4.7,5.1,5.1,6.2,4.6,4.1,4.9,4.8,5.5,4.5,4.8,5.0,4.9,Aprobado,Medio
IP2026-190,Bruno,Navarro,Tapia,A,Diurna,6.2,5.3,4.9,5.3,4.9,5.1,5.0,5.3,5.3,5.2,5.4,5.0,5.3,5.2,5.4,5.3,Aprobado,Medio
IP2026-191,Rodrigo,Araya,Álvarez,D,Diurna,4.3,3.2,4.0,3.6,4.1,3.4,2.6,3.4,2.8,4.1,3.8,3.4,3.4,3.5,3.1,3.4,Reprobado,Bajo
IP2026-192,Constanza,Vargas,Miranda,A,Diurna,3.9,2.5,3.5,4.8,4.7,5.0,3.5,3.7,3.4,4.9,3.7,4.4,4.0,4.0,3.7,3.9,Reprobado,Bajo
IP2026-193,Joaquín,Rojas,González,D,Diurna,6.1,6.9,5.8,5.9,6.4,6.7,6.6,5.7,6.8,7.0,6.2,6.6,6.5,6.5,7.0,6.7,Aprobado,Alto
IP2026-194,Maite,Vergara,Pérez,C,Diurna,5.2,5.6,6.8,6.3,6.5,6.4,6.3,5.3,6.1,5.6,6.0,6.4,5.7,5.9,5.1,5.7,Aprobado,Medio
IP2026-195,Pablo,Rivera,Gutiérrez,C,Vespertina,4.1,4.0,3.6,5.2,3.8,4.9,3.3,4.4,4.0,4.4,4.2,4.0,4.3,4.2,4.0,4.1,Aprobado,Medio
IP2026-196,Gabriela,Martínez,Jara,B,Diurna,3.6,3.6,3.6,3.3,3.2,2.5,3.0,2.7,3.4,4.5,3.5,2.9,3.5,3.4,3.4,3.4,Reprobado,Bajo
IP2026-197,Martín,Vargas,Hernández,C,Diurna,3.5,4.9,4.1,3.2,3.1,2.8,3.7,3.7,1.9,2.7,3.9,3.2,2.8,3.1,3.7,3.3,Reprobado,Bajo
IP2026-198,Florencia,Hernández,Cortés,B,Diurna,6.6,5.2,6.1,5.6,5.5,6.1,5.6,5.1,4.8,6.3,5.9,5.7,5.4,5.6,4.5,5.3,Aprobado,Medio
IP2026-199,Antonella,Jara,Rivera,B,Diurna,3.2,4.8,3.1,3.8,3.1,2.4,3.5,1.5,4.3,3.1,3.7,3.0,3.0,3.1,2.7,3.0,Reprobado,Bajo
IP2026-200,Catalina,Sepúlveda,Rodríguez,B,Diurna,6.0,5.6,4.9,5.4,5.6,6.3,6.7,5.6,5.6,5.4,5.5,6.2,5.5,5.7,5.5,5.6,Aprobado,Medio
IP2026-201,Santiago,Rivera,Sepúlveda,A,Diurna,5.2,4.9,5.7,4.8,6.2,5.7,5.4,5.2,5.4,6.0,5.2,5.8,5.5,5.5,5.2,5.4,Aprobado,Medio
IP2026-202,Emilio,Miranda,Herrera,C,Diurna,3.8,3.2,3.6,4.4,3.4,4.2,3.0,3.6,2.6,4.1,3.8,3.5,3.4,3.5,4.8,3.9,Reprobado,Bajo
IP2026-203,Santiago,Jara,Herrera,A,Diurna,4.5,3.1,2.7,3.8,4.0,2.6,2.1,3.8,2.3,3.6,3.5,2.9,3.2,3.2,2.5,3.0,Reprobado,Bajo
IP2026-204,Gabriel,Martínez,Araya,D,Vespertina,5.1,4.0,4.0,4.1,3.7,3.1,3.9,3.4,4.2,4.2,4.3,3.6,3.9,3.9,3.3,3.7,Reprobado,Bajo
IP2026-205,Agustín,Tapia,Vidal,C,Diurna,5.9,6.5,5.3,6.0,6.4,6.8,4.3,6.1,5.1,5.7,5.9,5.8,5.6,5.7,5.4,5.6,Aprobado,Medio
IP2026-206,Bastián,Hernández,Fernández,B,Diurna,5.4,5.0,4.8,4.5,5.5,5.4,3.9,3.9,5.1,5.5,4.9,4.9,4.8,4.8,5.1,4.9,Aprobado,Medio
IP2026-207,Isidora,Bravo,Rojas,D,Vespertina,6.9,6.2,6.0,6.5,6.8,5.8,6.5,5.1,6.1,6.8,6.4,6.4,6.0,6.2,5.2,5.9,Aprobado,Medio
IP2026-208,Esteban,Rojas,Gutiérrez,B,Diurna,4.1,3.7,3.4,4.2,3.9,3.5,2.6,2.7,3.6,3.2,3.8,3.3,3.2,3.3,3.0,3.2,Reprobado,Bajo
IP2026-209,Carolina,Flores,Hernández,B,Diurna,3.3,3.6,3.6,4.3,3.2,3.8,2.8,3.3,3.8,4.6,3.7,3.3,3.9,3.7,3.2,3.5,Reprobado,Bajo
IP2026-210,Renato,Ramírez,Carrasco,D,Vespertina,5.2,4.7,4.1,4.4,3.3,4.0,4.9,3.3,4.3,4.6,4.6,4.1,4.1,4.2,4.7,4.3,Aprobado,Medio
IP2026-211,Agustina,Ramírez,Pérez,B,Diurna,5.3,4.4,5.2,5.9,5.4,4.3,5.9,5.9,5.7,6.7,5.2,5.2,6.1,5.7,5.9,5.8,Aprobado,Medio
IP2026-212,Esteban,Miranda,Cortés,A,Vespertina,4.3,2.1,4.0,5.1,3.0,2.0,4.1,4.1,3.6,4.1,3.9,3.0,3.9,3.7,4.5,3.9,Reprobado,Bajo
IP2026-213,Francisco,Tapia,Molina,A,Diurna,5.5,4.9,5.5,5.6,5.6,6.4,5.2,6.1,5.5,6.4,5.4,5.7,6.0,5.8,5.9,5.8,Aprobado,Medio
IP2026-214,Fernanda,Rodríguez,Cortés,D,Diurna,5.3,4.6,4.7,4.1,4.0,4.8,4.8,4.2,5.0,4.2,4.7,4.5,4.5,4.5,4.7,4.6,Aprobado,Medio
IP2026-215,Cristóbal,González,Rodríguez,D,Diurna,5.4,4.6,4.3,5.0,4.2,5.7,6.3,5.3,4.2,5.3,4.8,5.4,4.9,5.0,4.4,4.8,Aprobado,Medio
IP2026-216,Fernanda,Vergara,Vergara,C,Diurna,4.7,3.6,3.9,2.8,3.8,4.2,5.0,3.0,4.3,4.2,3.8,4.3,3.8,3.9,4.0,3.9,Reprobado,Bajo
IP2026-217,Daniela,Campos,Sepúlveda,B,Diurna,4.9,4.4,4.1,5.1,3.7,3.6,4.0,3.8,5.3,3.8,4.6,3.8,4.3,4.2,5.2,4.5,Aprobado,Medio
IP2026-218,Camila,Morales,Rodríguez,A,Diurna,4.0,4.4,4.8,5.6,4.9,4.0,4.3,4.1,3.4,4.6,4.7,4.4,4.0,4.2,4.2,4.2,Aprobado,Medio
IP2026-219,Vicente,Vidal,Castro,C,Diurna,4.7,4.7,3.6,5.8,4.8,3.9,5.6,3.2,4.1,4.5,4.7,4.8,3.9,4.3,5.1,4.5,Aprobado,Medio
IP2026-220,Maite,Campos,Rivera,D,Diurna,4.2,4.6,3.6,4.1,4.5,4.3,4.4,4.6,3.1,4.0,4.1,4.4,3.9,4.1,4.7,4.3,Aprobado,Medio
IP2026-221,Andrés,Cortés,Molina,C,Diurna,2.8,3.6,2.5,3.0,3.5,4.0,2.7,3.3,3.0,3.8,3.0,3.4,3.4,3.3,3.4,3.3,Reprobado,Bajo
IP2026-222,Emilia,Vidal,Jara,C,Diurna,5.4,3.8,3.7,4.0,3.7,4.3,4.2,3.5,4.0,4.6,4.2,4.1,4.0,4.1,4.4,4.2,Aprobado,Medio
IP2026-223,Victoria,González,Hernández,A,Diurna,5.2,4.4,4.5,4.0,5.1,3.0,5.5,4.5,5.0,4.7,4.5,4.5,4.7,4.6,5.0,4.7,Aprobado,Medio
IP2026-224,Carolina,González,Silva,B,Diurna,5.1,3.8,3.5,3.7,3.3,2.5,4.9,3.9,3.6,3.7,4.0,3.6,3.7,3.7,2.6,3.4,Reprobado,Bajo
IP2026-225,Sebastián,Molina,Campos,C,Diurna,3.5,3.3,3.9,4.3,4.4,4.4,3.9,3.5,3.8,3.0,3.8,4.2,3.4,3.7,3.2,3.5,Reprobado,Bajo
IP2026-226,Diego,Morales,Cortés,A,Diurna,2.8,2.8,3.2,2.8,2.8,2.4,3.1,1.9,2.6,2.3,2.9,2.8,2.3,2.5,3.6,2.8,Reprobado,Bajo
IP2026-227,Matías,Cáceres,Castro,C,Diurna,3.3,3.8,3.1,3.7,3.4,4.5,4.6,3.0,4.1,3.7,3.5,4.2,3.6,3.7,3.0,3.5,Reprobado,Bajo
IP2026-228,María José,Gutiérrez,Carrasco,A,Vespertina,5.0,4.4,5.6,5.0,5.0,6.1,4.8,5.1,5.8,5.0,5.0,5.3,5.3,5.2,4.8,5.1,Aprobado,Medio
IP2026-229,Trinidad,Álvarez,Vidal,C,Diurna,3.7,3.0,2.9,3.4,2.0,2.6,2.8,2.3,3.0,2.8,3.2,2.5,2.7,2.8,2.2,2.6,Reprobado,Bajo
IP2026-230,Matías,Fuentes,Vidal,D,Vespertina,5.4,4.5,3.1,5.2,3.4,5.3,4.9,3.3,4.3,4.7,4.5,4.5,4.1,4.3,4.1,4.2,Aprobado,Medio
IP2026-231,Francisco,Contreras,Contreras,B,Diurna,5.3,5.7,4.3,4.9,4.1,4.1,3.8,4.6,4.9,4.4,5.1,4.0,4.6,4.5,4.8,4.6,Aprobado,Medio
IP2026-232,Agustina,Morales,Jara,D,Vespertina,7.0,5.9,7.0,7.0,6.0,6.6,7.0,5.8,7.0,6.7,6.7,6.5,6.5,6.5,5.9,6.3,Aprobado,Alto
IP2026-233,Daniela,Vargas,González,A,Vespertina,4.6,5.1,4.7,4.7,4.9,3.7,4.5,5.2,3.2,4.2,4.8,4.4,4.2,4.4,4.5,4.4,Aprobado,Medio
IP2026-234,Josefa,Martínez,Araya,C,Vespertina,4.5,3.9,4.0,4.9,4.4,3.4,4.4,4.8,3.6,4.4,4.3,4.1,4.3,4.2,3.9,4.1,Aprobado,Medio
IP2026-235,Florencia,Rivera,Castro,A,Vespertina,4.8,4.3,4.4,3.4,5.1,3.1,3.8,3.4,5.0,4.7,4.2,4.0,4.4,4.3,3.9,4.2,Aprobado,Medio
IP2026-236,Paula,Cáceres,Hernández,B,Diurna,5.3,4.0,4.4,4.4,4.9,4.6,4.7,4.0,4.3,4.3,4.5,4.7,4.2,4.4,4.6,4.5,Aprobado,Medio
IP2026-237,Francisca,Cáceres,Martínez,B,Diurna,5.4,4.5,4.4,5.1,3.4,4.8,4.2,4.0,3.9,4.8,4.8,4.1,4.2,4.3,4.5,4.4,Aprobado,Medio
IP2026-238,Renato,Valenzuela,Morales,C,Diurna,4.5,4.1,3.4,3.2,4.5,4.0,3.6,5.1,4.3,5.1,3.8,4.0,4.8,4.4,3.8,4.2,Aprobado,Medio
IP2026-239,Sofía,Ramírez,Cáceres,A,Diurna,3.5,4.1,3.4,4.2,5.2,4.2,4.1,3.5,5.0,4.0,3.8,4.5,4.2,4.2,4.2,4.2,Aprobado,Medio
IP2026-240,Simón,Cáceres,Vera,C,Diurna,4.2,4.5,3.0,4.1,3.6,4.4,3.2,3.7,4.4,4.2,3.9,3.7,4.1,4.0,4.0,4.0,Aprobado,Medio
IP2026-241,Javiera,Bravo,Jara,A,Diurna,3.4,4.0,2.8,3.9,3.4,3.7,2.7,3.7,3.3,5.0,3.5,3.3,4.0,3.7,2.5,3.3,Reprobado,Bajo
IP2026-242,Laura,Castro,Muñoz,C,Diurna,4.6,3.5,4.3,5.3,3.6,3.7,4.9,3.7,4.6,3.9,4.4,4.1,4.1,4.2,3.8,4.1,Aprobado,Medio
IP2026-243,Lucas,Vidal,Martínez,B,Vespertina,4.9,3.0,3.8,4.3,3.3,2.6,1.5,2.1,3.3,3.4,4.0,2.5,2.9,3.0,3.8,3.2,Reprobado,Bajo
IP2026-244,Laura,Álvarez,Álvarez,C,Diurna,4.6,5.3,4.8,5.8,6.1,4.8,4.9,4.5,4.9,5.4,5.1,5.3,4.9,5.0,6.0,5.3,Aprobado,Medio
IP2026-245,Isidora,Cáceres,Molina,B,Diurna,5.6,5.9,5.8,6.1,5.7,5.7,5.8,6.3,5.7,4.0,5.8,5.7,5.3,5.5,5.5,5.5,Aprobado,Medio
IP2026-246,Gabriela,Vera,Cortés,C,Vespertina,4.4,5.0,3.5,3.4,5.3,3.7,4.2,3.6,3.7,4.8,4.1,4.4,4.0,4.1,4.2,4.1,Aprobado,Medio
IP2026-247,Carolina,Rojas,Torres,D,Vespertina,6.8,7.0,7.0,5.8,6.1,6.7,6.0,7.0,5.8,5.1,6.7,6.3,6.0,6.2,5.3,5.9,Aprobado,Medio
IP2026-248,Bastián,Herrera,Silva,B,Vespertina,5.3,4.6,5.0,4.2,4.2,5.1,5.6,4.6,5.8,5.9,4.8,5.0,5.4,5.2,4.6,5.0,Aprobado,Medio
IP2026-249,Vicente,Silva,Paredes,D,Diurna,6.2,6.1,6.1,6.4,6.4,6.8,7.0,5.1,6.4,6.7,6.2,6.7,6.1,6.3,6.3,6.3,Aprobado,Alto
IP2026-250,Emilia,Fernández,Espinoza,B,Diurna,4.1,3.0,4.4,4.2,4.0,4.5,3.9,3.3,3.7,4.0,3.9,4.1,3.7,3.8,3.9,3.8,Reprobado,Bajo
IP2026-251,Diego,Vergara,Flores,B,Diurna,4.9,4.4,4.9,6.9,5.9,5.6,5.9,6.0,4.6,4.8,5.3,5.8,5.1,5.3,4.4,5.0,Aprobado,Medio
IP2026-252,Maximiliano,Figueroa,Gutiérrez,A,Diurna,2.4,2.3,3.3,3.0,3.1,2.7,2.5,1.9,2.8,2.7,2.8,2.8,2.5,2.6,1.8,2.4,Reprobado,Bajo
IP2026-253,Pablo,Campos,Núñez,A,Diurna,5.0,4.9,3.1,5.1,4.9,5.5,4.6,4.7,4.7,4.7,4.5,5.0,4.7,4.7,5.1,4.8,Aprobado,Medio
IP2026-254,Catalina,González,Silva,A,Diurna,5.9,4.8,5.0,4.4,5.8,5.1,5.9,4.5,4.4,5.5,5.0,5.6,4.8,5.0,5.2,5.1,Aprobado,Medio
IP2026-255,Francisca,González,Silva,C,Diurna,3.4,4.1,2.8,2.4,3.6,2.5,2.6,3.3,4.1,3.0,3.2,2.9,3.5,3.3,2.7,3.1,Reprobado,Bajo
IP2026-256,Julieta,Díaz,Núñez,C,Diurna,5.8,4.0,5.9,4.9,4.3,5.4,5.7,4.1,5.2,4.4,5.2,5.1,4.6,4.8,4.7,4.8,Aprobado,Medio
IP2026-257,Martina,Bravo,Silva,C,Diurna,4.1,4.7,4.3,3.9,3.6,4.1,4.2,2.5,4.4,3.6,4.2,4.0,3.5,3.8,4.5,4.0,Aprobado,Medio
IP2026-258,Lucas,Ramírez,Molina,C,Vespertina,6.7,6.3,6.1,6.5,5.6,6.2,5.7,7.0,6.4,6.1,6.4,5.8,6.5,6.3,5.5,6.1,Aprobado,Alto
IP2026-259,Felipe,Carrasco,Rojas,A,Diurna,4.9,4.0,4.5,5.0,3.9,4.9,4.6,4.3,4.3,4.5,4.6,4.5,4.4,4.5,3.9,4.3,Aprobado,Medio
IP2026-260,Daniel,Reyes,Vergara,C,Diurna,3.4,3.3,5.0,3.7,3.6,5.1,4.1,4.1,3.9,4.4,3.8,4.3,4.1,4.1,4.4,4.2,Aprobado,Medio
IP2026-261,Rafaela,Reyes,Valenzuela,C,Vespertina,6.2,5.4,6.8,7.0,6.5,5.6,5.1,6.1,5.8,5.4,6.4,5.7,5.8,5.9,6.0,5.9,Aprobado,Medio
IP2026-262,Julieta,Gutiérrez,Vargas,B,Diurna,5.6,5.8,5.1,4.8,5.5,5.5,6.1,4.5,4.8,6.0,5.3,5.7,5.1,5.3,6.0,5.5,Aprobado,Medio
IP2026-263,Felipe,Vergara,Vidal,A,Vespertina,2.9,4.0,4.0,5.0,4.6,3.6,4.6,3.5,4.6,3.7,4.0,4.3,3.9,4.0,4.1,4.0,Aprobado,Medio
IP2026-264,Bastián,Paredes,Rivera,D,Diurna,5.4,4.2,4.9,3.7,3.6,3.3,3.7,3.7,5.1,4.8,4.6,3.5,4.5,4.3,4.5,4.4,Aprobado,Medio
IP2026-265,Santiago,Figueroa,Campos,A,Vespertina,4.3,4.7,4.9,4.3,4.6,3.5,5.9,3.5,4.2,3.2,4.5,4.7,3.6,4.1,5.0,4.4,Aprobado,Medio
IP2026-266,Gabriela,Martínez,Espinoza,A,Diurna,6.4,5.5,7.0,6.7,5.8,6.0,5.7,5.7,6.8,5.7,6.4,5.8,6.1,6.1,6.7,6.3,Aprobado,Alto
IP2026-267,Cristóbal,Martínez,López,D,Vespertina,5.9,5.8,5.5,5.6,6.3,5.0,6.1,5.4,6.4,6.7,5.7,5.8,6.2,6.0,6.9,6.3,Aprobado,Alto
IP2026-268,Rafaela,Rodríguez,Carrasco,D,Diurna,3.5,3.3,3.7,4.6,5.0,3.6,4.9,2.9,5.7,3.5,3.8,4.5,4.0,4.1,3.7,4.0,Aprobado,Medio
IP2026-269,Pablo,Molina,Cáceres,A,Diurna,5.2,5.4,5.5,5.3,4.1,5.5,5.6,5.0,4.5,4.5,5.4,5.1,4.7,4.9,4.8,4.9,Aprobado,Medio
IP2026-270,María José,González,Molina,D,Diurna,6.2,6.1,5.3,7.0,6.1,5.8,4.9,5.4,5.8,5.6,6.2,5.6,5.6,5.7,5.8,5.7,Aprobado,Medio
IP2026-271,Esteban,Espinoza,Vera,A,Diurna,5.1,5.0,4.6,4.7,4.8,4.8,4.3,4.2,3.4,5.0,4.8,4.6,4.2,4.4,4.3,4.4,Aprobado,Medio
IP2026-272,Martina,Núñez,Rojas,C,Vespertina,7.0,6.5,5.7,5.9,6.9,6.3,6.1,5.1,5.8,6.9,6.3,6.4,5.9,6.1,6.3,6.2,Aprobado,Alto
IP2026-273,Benjamín,Morales,Carrasco,D,Diurna,5.2,4.7,5.2,6.2,4.6,5.4,5.5,4.4,4.9,6.1,5.3,5.2,5.1,5.2,5.5,5.3,Aprobado,Medio
IP2026-274,Gabriela,Tapia,Vera,C,Diurna,4.1,4.2,2.9,4.1,3.0,4.1,4.6,3.6,3.6,3.1,3.8,3.9,3.4,3.6,3.3,3.5,Reprobado,Bajo
IP2026-275,Matías,Álvarez,Contreras,A,Diurna,3.0,2.9,1.8,2.4,3.0,3.8,4.2,3.9,3.7,3.5,2.5,3.7,3.7,3.5,2.7,3.3,Reprobado,Bajo
IP2026-276,Santiago,Silva,Cáceres,B,Diurna,7.0,6.1,6.8,7.0,5.4,6.0,6.6,6.9,6.6,5.8,6.7,6.0,6.4,6.4,6.8,6.5,Aprobado,Alto
IP2026-277,Sebastián,Araya,Rodríguez,D,Diurna,4.9,4.7,3.3,4.7,4.6,4.5,4.2,4.1,5.0,4.6,4.4,4.4,4.6,4.5,4.5,4.5,Aprobado,Medio
IP2026-278,Josefa,Vidal,Campos,A,Vespertina,6.3,5.6,5.9,7.0,5.8,5.1,6.8,6.2,5.1,6.3,6.2,5.9,5.9,6.0,6.0,6.0,Aprobado,Alto
IP2026-279,Amanda,Rivera,Jara,C,Diurna,3.2,4.9,3.2,5.1,3.8,3.3,4.2,4.5,4.8,3.8,4.1,3.8,4.4,4.2,4.0,4.1,Aprobado,Medio
IP2026-280,Álvaro,Cáceres,Reyes,D,Diurna,4.1,3.3,2.5,3.3,3.2,2.8,3.3,1.9,3.1,1.4,3.3,3.1,2.1,2.6,3.3,2.8,Reprobado,Bajo
IP2026-281,Felipe,Díaz,Ramírez,A,Diurna,6.7,5.5,6.0,5.7,6.8,6.4,6.0,5.8,6.7,5.6,6.0,6.4,6.0,6.1,6.1,6.1,Aprobado,Alto
IP2026-282,Tomás,Campos,Díaz,C,Vespertina,3.8,2.9,2.3,2.1,2.0,3.0,2.9,1.8,3.7,2.7,2.8,2.6,2.7,2.7,2.0,2.5,Reprobado,Bajo
IP2026-283,Esteban,Rivera,Jara,B,Diurna,4.4,4.1,3.8,3.6,3.4,4.0,3.9,4.4,4.5,4.7,4.0,3.8,4.5,4.2,3.8,4.1,Aprobado,Medio
IP2026-284,Matías,Cortés,Soto,A,Diurna,4.6,4.6,3.8,4.7,4.8,5.2,5.4,4.2,5.0,5.4,4.4,5.1,4.9,4.9,5.8,5.2,Aprobado,Medio
IP2026-285,Andrés,Cortés,Vera,A,Diurna,5.1,5.0,4.8,4.9,4.3,3.5,4.6,5.2,4.0,4.0,4.9,4.1,4.4,4.4,4.8,4.5,Aprobado,Medio
IP2026-286,Javiera,Rodríguez,Morales,A,Diurna,5.4,4.8,3.7,4.5,4.1,3.7,4.1,4.7,4.3,4.6,4.6,4.0,4.5,4.4,4.6,4.5,Aprobado,Medio
IP2026-287,Antonella,Figueroa,Castillo,D,Diurna,5.4,5.0,4.7,4.0,4.3,5.0,3.0,4.2,5.2,5.6,4.8,4.1,5.0,4.7,4.1,4.5,Aprobado,Medio
IP2026-288,Maximiliano,López,Campos,C,Vespertina,3.1,3.7,3.7,2.6,2.8,2.0,4.0,1.7,2.1,2.3,3.3,2.9,2.0,2.5,1.8,2.3,Reprobado,Bajo
IP2026-289,Pablo,Vergara,Hernández,A,Diurna,5.2,5.2,3.9,5.9,5.0,5.8,5.5,6.4,6.5,4.7,5.1,5.4,5.9,5.6,6.1,5.7,Aprobado,Medio
IP2026-290,Benjamín,Molina,Herrera,A,Diurna,2.8,2.8,3.0,3.2,1.9,2.6,3.4,2.5,3.4,3.2,3.0,2.6,3.0,2.9,2.9,2.9,Reprobado,Bajo
IP2026-291,Martina,Paredes,Carrasco,A,Vespertina,3.9,2.5,3.1,3.3,2.6,2.6,2.9,2.2,2.8,4.2,3.2,2.7,3.1,3.0,2.7,2.9,Reprobado,Bajo
IP2026-292,Simón,Navarro,Soto,C,Diurna,5.5,6.8,6.6,5.9,5.7,6.6,7.0,6.9,6.6,6.8,6.2,6.4,6.8,6.6,7.0,6.7,Aprobado,Alto
IP2026-293,Daniel,Silva,Vidal,D,Diurna,5.3,4.6,5.7,4.8,4.8,5.2,4.7,5.4,3.9,5.2,5.1,4.9,4.8,4.9,4.1,4.7,Aprobado,Medio
IP2026-294,Daniela,Vera,Gutiérrez,A,Diurna,4.0,4.0,3.6,4.0,3.8,3.9,4.0,3.9,5.2,4.4,3.9,3.9,4.5,4.2,4.3,4.2,Aprobado,Medio
IP2026-295,Maximiliano,Vidal,Muñoz,C,Diurna,4.8,5.8,4.4,4.3,3.9,5.1,4.3,4.6,4.2,5.3,4.8,4.4,4.7,4.6,5.0,4.7,Aprobado,Medio
IP2026-296,Valentina,Molina,Gutiérrez,C,Vespertina,2.4,3.6,2.1,2.4,4.2,3.1,1.8,2.2,2.2,2.7,2.6,3.0,2.4,2.6,2.8,2.7,Reprobado,Bajo
IP2026-297,Antonella,Martínez,Fernández,C,Diurna,6.8,6.8,7.0,6.2,6.2,6.3,7.0,5.5,7.0,5.8,6.7,6.5,6.1,6.3,7.0,6.5,Aprobado,Alto
IP2026-298,Maite,Paredes,Espinoza,D,Vespertina,6.6,5.4,3.9,5.7,4.6,5.5,5.5,5.7,5.2,5.1,5.4,5.2,5.3,5.3,5.4,5.3,Aprobado,Medio
IP2026-299,Maximiliano,Reyes,Soto,C,Diurna,5.8,5.8,4.9,5.6,5.4,5.3,5.3,5.4,5.2,6.5,5.5,5.3,5.7,5.6,6.9,6.0,Aprobado,Alto
IP2026-300,Constanza,Sepúlveda,Paredes,D,Diurna,5.5,6.1,5.6,5.9,5.0,6.9,5.8,5.3,6.9,6.5,5.8,5.9,6.2,6.0,5.9,1.9,Aprobado,Alto
