rut,primer_nombre,segundo_nombre,apellido_paterno,apellido_materno,telefono,email,direccion,edad,presupuesto
19056987-1,Ana,María,Sepulveda,Vargas,930456789,amsepulveda@gmail.com,"La coruña 1720, Santiago",20,5000000
18123456-0,Carmen,Macarena,González,Arellano,930998877,cmgonzalez@gmail.com,"Natanael cox 990, Santiago",22,2000000
23020318-4,Pamela,Javiera,Acosta,Barahona,930554433,pjacosta@gmail.com,"San Diego 695, Santiago",17,7000000
18142304-8,Bastián,Sebastián,Ortiz,Torres,957878363,bastian.ortiz4@hotmail.com,"Los Aromos 2504, San Pedro de la Paz",35,5300000
24852439-1,Valentina,Catalina,Fuentes,Pizarro,924186462,valentina.fuentes5@hotmail.com,"Los Notros 1934, Chiguayante",43,3400000
24650860-7,Nicolás,Paz,Pérez,Aguilera,978301364,nicolas.perez6@hotmail.com,"Barros Arana 586, San Pedro de la Paz",16,4100000
21332667-8,Josefa,Eduardo,Ortiz,Molina,936343073,josefa.ortiz7@uandresbello.edu,"Janequeo 3551, Chiguayante",41,3500000
20345852-5,Martina,,Contreras,Saavedra,972044632,martina.contreras8@uandresbello.edu,"Eyzaguirre 3964, Chiguayante",45,1500000
18054306-6,Agustín,Isabel,Contreras,Flores,922032279,agustin.contreras9@uandresbello.edu,"Lincoyán 3134, Talcahuano",62,4900000
25117171-8,Antonia,Esteban,Tapia,Araya,920494827,antonia.tapia10@hotmail.com,"Avenida Colón 468, Chiguayante",62,900000
20315007-5,Gabriel,Esteban,Campos,Miranda,992744124,gabriel.campos11@gmail.com,"Avenida Brasil 2942, Talcahuano",21,3200000
18557142-4,Sofía,Antonio,Silva,Molina,936257454,sofia.silva12@uandresbello.edu,"Maipú 952, Valparaíso",43,5600000
17830602-2,Pamela,Antonio,Cáceres,Carrasco,978190730,pamela.caceres13@uandresbello.edu,"San Diego 562, Hualpén",35,800000
16938777-K,Agustín,,Saavedra,Rojas,973763452,agustin.saavedra14@outlook.com,"Irarrázaval 3435, Chiguayante",53,3100000
20758744-3,Martina,Isabel,Campos,Rivera,948331028,martina.campos15@hotmail.com,"Maipú 2885, Hualpén",52,600000
19444591-1,Sebastián,Alejandro,Saavedra,Araya,999267808,sebastian.saavedra16@gmail.com,"Avenida Argentina 3772, Hualpén",34,7200000
19987555-8,Matías,Constanza,Soto,Molina,916177350,matias.soto17@gmail.com,"Paicaví 146, Santiago",54,6900000
24554357-3,Pamela,Eduardo,Silva,Castillo,936365828,pamela.silva18@gmail.com,"Avenida Colón 2158, Hualpén",52,1000000
24377264-8,Tomás,Francisca,Gutiérrez,Acosta,907598544,tomas.gutierrez19@gmail.com,"Maipú 1204, Santiago",23,5200000
18370856-2,Tomás,Macarena,Valdés,Medina,923652458,tomas.valdes20@uandresbello.edu,"Diagonal Oriente 1446, San Pedro de la Paz",34,700000
21467461-0,Bastián,Francisca,Silva,Acosta,919330672,bastian.silva21@hotmail.com,"Barros Arana 2606, San Pedro de la Paz",38,5300000
24010459-8,Carmen,Gabriel,Miranda,Contreras,932633275,carmen.miranda22@outlook.com,"Avenida Colón 3176, Santiago",33,2800000
25245932-4,Sofía,Gabriel,Soto,Rojas,959641958,sofia.soto23@hotmail.com,"Maipú 3253, Santiago",41,4400000
19899193-7,Cristóbal,Esteban,Figueroa,Vera,934916655,cristobal.figueroa24@outlook.com,"Janequeo 1248, Valparaíso",59,7200000
23306604-4,Pamela,Catalina,Soto,González,965780193,pamela.soto25@hotmail.com,"Caupolicán 2442, San Pedro de la Paz",56,8100000
25802788-4,Isidora,Francisca,Fuentes,Pizarro,997710461,isidora.fuentes26@hotmail.com,"Barros Arana 1956, Viña del Mar",32,5500000
17178436-0,Florencia,Esteban,Cáceres,Vargas,933872619,florencia.caceres27@uandresbello.edu,"Los Aromos 3808, Chiguayante",27,6900000
16234177-4,Gabriel,Felipe,Saavedra,Silva,933340712,gabriel.saavedra28@gmail.com,"Maipú 3117, Chiguayante",42,4800000
18955096-0,Lucas,Constanza,Saavedra,Miranda,947413230,lucas.saavedra29@uandresbello.edu,"Freire 2218, Concepción",42,5700000
24274327-K,Catalina,Macarena,Gutiérrez,Silva,936304152,catalina.gutierrez30@gmail.com,"Freire 1734, San Pedro de la Paz",25,6000000
17976040-1,Pamela,Josefina,Vargas,Bravo,945237455,pamela.vargas31@outlook.com,"Maipú 1410, Viña del Mar",23,8500000
22723643-4,Matías,Ignacio,Gutiérrez,González,986796313,matias.gutierrez32@outlook.com,"Pedro de Valdivia 546, Valparaíso",46,8200000
19734689-2,Francisca,Eduardo,Cortés,Navarro,977863639,francisca.cortes33@uandresbello.edu,"Maipú 1617, Talcahuano",28,7500000
24802161-6,María,Antonio,Rivera,González,946228415,maria.rivera34@outlook.com,"Paicaví 1047, Santiago",28,6400000
23716605-1,Pablo,Alejandro,Valdés,Acosta,950196389,pablo.valdes35@uandresbello.edu,"Paicaví 765, Talcahuano",59,5400000
17577793-8,Gabriel,Esteban,Valdés,Tapia,915668539,gabriel.valdes36@uandresbello.edu,"Lincoyán 3744, Hualpén",60,4900000
19225496-5,Maximiliano,Eduardo,Morales,Rojas,935545728,maximiliano.morales37@uandresbello.edu,"O'Higgins 3393, Chiguayante",51,2800000
16193217-5,Rodrigo,Antonia,Muñoz,Carrasco,950156009,rodrigo.munoz38@outlook.com,"Janequeo 554, Concepción",53,4300000
18937245-0,Fernanda,Catalina,Silva,Bustos,943883794,fernanda.silva39@gmail.com,"Diagonal Oriente 624, Concepción",21,7700000
21789963-K,Pamela,Josefina,Navarro,Miranda,900272072,pamela.navarro40@uandresbello.edu,"Pedro de Valdivia 2707, Concepción",20,7800000
18449099-4,Gabriel,Esteban,Castillo,Bustos,996159630,gabriel.castillo41@outlook.com,"Paicaví 1342, San Pedro de la Paz",37,8500000
18292435-0,María,Tomás,Miranda,Contreras,983249169,maria.miranda42@outlook.com,"Los Aromos 3108, Chiguayante",26,1800000
18616089-4,Bastián,Ignacio,Henríquez,Leiva,964588180,bastian.henriquez43@uandresbello.edu,"Los Carrera 1183, Concepción",60,8400000
21218858-1,Diego,Alejandro,Navarro,Bravo,900172067,diego.navarro44@hotmail.com,"San Diego 284, Talcahuano",53,1400000
18228909-4,Sofía,Alejandra,Rojas,Vargas,947666604,sofia.rojas45@gmail.com,"Diagonal Oriente 1875, San Pedro de la Paz",38,7900000
17068618-7,Catalina,Josefina,Soto,Tapia,999807072,catalina.soto46@uandresbello.edu,"Caupolicán 1883, Talcahuano",18,7000000
21736445-0,Agustín,,Lagos,Soto,966025269,agustin.lagos47@outlook.com,"Paicaví 1216, Chiguayante",60,1500000
22876299-7,Isidora,Paz,Ortiz,Miranda,918830225,isidora.ortiz48@uandresbello.edu,"Caupolicán 399, Chiguayante",28,4100000
22408490-0,Ignacia,Andrea,Molina,Campos,968784038,ignacia.molina49@uandresbello.edu,"Los Notros 3486, Valparaíso",52,6800000
23200078-3,Ignacia,,Cáceres,Aguilera,992928554,ignacia.caceres50@gmail.com,"Los Aromos 3289, Valparaíso",21,4100000
23106250-5,Lucas,Antonia,Lagos,Cortés,955478577,lucas.lagos51@uandresbello.edu,"Barros Arana 2613, Viña del Mar",23,6800000
21802442-4,Carmen,María,Navarro,Rojas,914090230,carmen.navarro52@gmail.com,"Vicuña Mackenna 380, Valparaíso",20,2600000
17923456-4,Ignacia,Esteban,Sepulveda,Ortiz,993039240,ignacia.sepulveda53@hotmail.com,"Lincoyán 2500, San Pedro de la Paz",22,800000
25228663-2,Josefa,Catalina,Araya,Contreras,954082599,josefa.araya54@gmail.com,"Avenida Argentina 2065, Viña del Mar",18,2700000
17677253-0,Gabriel,Catalina,Acosta,Tapia,976754096,gabriel.acosta55@gmail.com,"Freire 1073, Chiguayante",65,7100000
19817238-3,Martín,Eduardo,Morales,Fuentes,948113115,martin.morales56@uandresbello.edu,"Lincoyán 3910, Hualpén",35,2900000
19249463-K,Nicolás,Javier,Cortés,Soto,948513540,nicolas.cortes57@gmail.com,"Avenida Argentina 3974, Concepción",48,6300000
18441964-5,Isidora,Javier,Torres,Sepulveda,973418391,isidora.torres58@gmail.com,"Janequeo 2015, Chiguayante",36,3500000
20507260-8,Matías,Javier,Leiva,Cáceres,999700696,matias.leiva59@uandresbello.edu,"Natanael Cox 279, Valparaíso",21,3900000
16127493-3,Carmen,Antonio,Muñoz,Lagos,934166691,carmen.munoz60@outlook.com,"Rengo 1575, Talcahuano",32,1800000
21367365-3,Andrés,Sebastián,Lagos,Henríquez,909057262,andres.lagos61@gmail.com,"Eyzaguirre 149, Talcahuano",31,5400000
17407439-9,Martina,Matías,Soto,Cáceres,986839420,martina.soto62@gmail.com,"Natanael Cox 3775, Viña del Mar",26,7300000
22616123-6,Fernanda,Javier,Castillo,Gutiérrez,916017472,fernanda.castillo63@uandresbello.edu,"Los Aromos 3798, Valparaíso",50,3800000
24525821-6,Martín,Josefina,Sepulveda,Fuentes,914526422,martin.sepulveda64@gmail.com,"Avenida Colón 3964, San Pedro de la Paz",29,8000000
24699727-6,Josefa,Tomás,Acosta,González,937137791,josefa.acosta65@hotmail.com,"Los Aromos 3081, Viña del Mar",24,5000000
22072945-1,Tomás,Matías,Flores,Ortiz,902551782,tomas.flores66@outlook.com,"Los Notros 1016, Valparaíso",34,4400000
24369460-4,Gabriel,María,Cáceres,González,965017853,gabriel.caceres67@gmail.com,"Eyzaguirre 1874, Concepción",31,5700000
19318530-4,Maximiliano,Ignacio,Saavedra,Vargas,946064875,maximiliano.saavedra68@gmail.com,"Avenida Argentina 2010, Talcahuano",35,6100000
18908275-4,Ana,Eduardo,Campos,Vargas,988636329,ana.campos69@uandresbello.edu,"Avenida Argentina 1693, Santiago",20,7800000
25885729-1,Rodrigo,Vicente,Vargas,Silva,919671892,rodrigo.vargas70@gmail.com,"Chacabuco 620, Viña del Mar",64,800000
19964956-6,Sofía,Antonio,Henríquez,Pérez,992908311,sofia.henriquez71@uandresbello.edu,"Avenida Brasil 1221, San Pedro de la Paz",37,6600000
18424465-9,Rodrigo,Alejandro,Rojas,Navarro,932749214,rodrigo.rojas72@gmail.com,"San Diego 2089, Concepción",55,1200000
19257552-4,Sofía,Eduardo,Flores,Medina,987209735,sofia.flores73@hotmail.com,"Pedro de Valdivia 1612, Hualpén",42,6400000
19913981-9,Ignacia,Antonia,Carrasco,Molina,959275504,ignacia.carrasco74@gmail.com,"Irarrázaval 1593, San Pedro de la Paz",53,4700000
21643115-4,Joaquín,,Saavedra,Pérez,974016594,joaquin.saavedra75@uandresbello.edu,"Rengo 2419, Chiguayante",42,3500000
22074301-2,Vicente,Javier,Navarro,González,991617056,vicente.navarro76@hotmail.com,"Rengo 1288, Talcahuano",47,1200000
20567927-8,Catalina,Belén,Leiva,Lagos,936412603,catalina.leiva77@uandresbello.edu,"Diagonal Oriente 521, Santiago",43,5200000
21297411-0,Andrés,Nicolás,Ortiz,Flores,982538359,andres.ortiz78@hotmail.com,"Diagonal Oriente 2609, Santiago",16,5100000
16726707-6,Daniela,Isabel,González,Reyes,933791258,daniela.gonzalez79@hotmail.com,"Barros Arana 3687, Santiago",38,5700000
16365738-4,Pamela,Paz,Pizarro,Morales,934548826,pamela.pizarro80@gmail.com,"Avenida Colón 2797, San Pedro de la Paz",42,3800000
25616226-1,Agustín,Eduardo,Rivera,Carrasco,905139715,agustin.rivera81@uandresbello.edu,"Eyzaguirre 810, Talcahuano",27,4200000
25637003-4,Carmen,Ignacia,Leiva,Saavedra,999992509,carmen.leiva82@hotmail.com,"Avenida Colón 369, Santiago",34,3200000
22067229-8,Rodrigo,Constanza,Medina,Bravo,986299242,rodrigo.medina83@uandresbello.edu,"Los Notros 1264, Hualpén",33,4500000
21820459-7,Pamela,Felipe,Pérez,Torres,955720487,pamela.perez84@uandresbello.edu,"Barros Arana 799, Hualpén",25,4500000
18341060-1,Benjamín,Alejandra,Araya,Medina,958780352,benjamin.araya85@outlook.com,"Vicuña Mackenna 1134, Valparaíso",57,7100000
21149859-5,Pamela,Ignacia,Medina,Henríquez,957463440,pamela.medina86@gmail.com,"Las Heras 2531, San Pedro de la Paz",59,3900000
20758398-7,Carmen,Andrés,Rojas,Pizarro,952163093,carmen.rojas87@uandresbello.edu,"Avenida Colón 3153, Santiago",26,6900000
25737264-2,Diego,Vicente,Medina,Sepulveda,923164625,diego.medina88@uandresbello.edu,"Las Heras 2898, Valparaíso",64,1400000
16350855-9,Camila,Alejandro,Ortiz,Henríquez,971200441,camila.ortiz89@outlook.com,"Los Carrera 3916, Hualpén",31,4200000
23327218-3,Matías,Eduardo,Araya,Silva,902139244,matias.araya90@outlook.com,"Maipú 1649, Hualpén",28,8100000
24194565-0,Martín,Fernanda,Ortiz,Morales,989744801,martin.ortiz91@outlook.com,"Maipú 3187, Talcahuano",23,5300000
25762807-8,Francisca,Sebastián,Bustos,Lagos,966551444,francisca.bustos92@hotmail.com,"Maipú 1778, Viña del Mar",26,2400000
24728254-8,Pamela,Vicente,Flores,Bustos,990703537,pamela.flores93@hotmail.com,"Caupolicán 2911, Concepción",23,6700000
23243876-2,Camila,Gabriel,Sepulveda,Vera,914066730,camila.sepulveda94@hotmail.com,"San Diego 1618, Talcahuano",44,1900000
17744155-4,Florencia,Andrés,Molina,Morales,930735723,florencia.molina95@outlook.com,"Janequeo 2059, Concepción",33,5500000
16314902-8,Agustín,Gabriel,Rojas,Bustos,935120894,agustin.rojas96@outlook.com,"Natanael Cox 436, Hualpén",62,2800000
25035584-K,Bastián,Josefina,Carrasco,Lagos,939319291,bastian.carrasco97@uandresbello.edu,"Janequeo 3324, San Pedro de la Paz",55,7000000
17030367-9,Andrés,Vicente,Carrasco,Vargas,925094062,andres.carrasco98@uandresbello.edu,"Paicaví 2531, Santiago",53,2500000
16979298-4,Pamela,Antonio,Soto,Miranda,944646459,pamela.soto99@hotmail.com,"Paicaví 3945, Valparaíso",31,700000
17949241-5,Carmen,Sebastián,Saavedra,Pizarro,946081503,carmen.saavedra100@hotmail.com,"Prat 2140, Concepción",22,6600000
17070206-9,Valentina,Constanza,Campos,González,900868113,valentina.campos101@outlook.com,"Caupolicán 2347, Talcahuano",17,1600000
16004110-2,Fernanda,Alejandro,Morales,Miranda,931894917,fernanda.morales102@outlook.com,"Los Aromos 2147, Santiago",56,3300000
18705462-1,Valentina,Andrea,Silva,Muñoz,933535022,valentina.silva103@hotmail.com,"O'Higgins 1925, Chiguayante",64,2000000
17466952-K,Ignacia,Macarena,Medina,Valdés,970316590,ignacia.medina104@hotmail.com,"Freire 1214, Valparaíso",22,7000000
18379729-8,Pamela,Ignacio,Bustos,Henríquez,955607448,pamela.bustos105@uandresbello.edu,"Lincoyán 1394, Concepción",31,8200000
19893405-4,Ignacia,Sebastián,Saavedra,Pizarro,967418859,ignacia.saavedra106@outlook.com,"Freire 1000, Talcahuano",57,2400000
16996129-8,Martina,Francisca,Aguilera,Contreras,917604922,martina.aguilera107@uandresbello.edu,"Janequeo 2185, Santiago",27,6200000
21077855-1,Antonia,Isabel,Tapia,Rivera,979648934,antonia.tapia108@gmail.com,"Janequeo 3441, Talcahuano",37,4900000
25071652-4,Sebastián,Belén,Soto,Cáceres,964602933,sebastian.soto109@hotmail.com,"Los Aromos 343, Chiguayante",28,1400000
23232321-3,Benjamín,Andrés,Rojas,Carrasco,937962659,benjamin.rojas110@gmail.com,"Janequeo 2782, Concepción",25,5100000
25722473-2,Lucas,Andrea,Bravo,Carrasco,964179874,lucas.bravo111@hotmail.com,"Rengo 3854, San Pedro de la Paz",31,4400000
24959250-1,Benjamín,Andrés,Saavedra,Flores,966499802,benjamin.saavedra112@outlook.com,"Rengo 2929, Santiago",35,7500000
24612832-4,Isidora,Paz,Gutiérrez,Bustos,962691694,isidora.gutierrez113@outlook.com,"La Coruña 2840, Concepción",47,6600000
18972126-9,Tomás,Javier,Lagos,Bustos,985757564,tomas.lagos114@gmail.com,"San Diego 647, Talcahuano",37,4100000
16062000-5,Lucas,Gabriel,Gutiérrez,Aguilera,967002077,lucas.gutierrez115@gmail.com,"Avenida Colón 2894, Hualpén",23,3600000
23441790-8,Antonia,Javier,Soto,Bravo,965739467,antonia.soto116@gmail.com,"Prat 2321, Chiguayante",57,6900000
23253289-0,Catalina,Paz,Lagos,Rivera,923664685,catalina.lagos117@uandresbello.edu,"Maipú 3108, Talcahuano",33,3000000
25716495-0,Sebastián,Matías,González,Rojas,954035489,sebastian.gonzalez118@outlook.com,"Paicaví 1417, Santiago",30,2200000
16439498-0,Martina,Ignacia,Leiva,Castillo,967890531,martina.leiva119@uandresbello.edu,"Janequeo 186, Chiguayante",21,1600000
18393404-K,Daniela,Matías,Tapia,Sepulveda,987692858,daniela.tapia120@uandresbello.edu,"Diagonal Oriente 773, Talcahuano",32,4200000
22620464-4,Benjamín,Gabriel,Figueroa,Medina,954417494,benjamin.figueroa121@gmail.com,"Diagonal Oriente 1236, Chiguayante",48,6100000
17332486-3,Fernanda,Javiera,Campos,Pérez,942955478,fernanda.campos122@outlook.com,"Pedro de Valdivia 2511, Viña del Mar",35,6900000
22396245-9,Martina,María,Torres,González,948131704,martina.torres123@hotmail.com,"Avenida Colón 1002, Talcahuano",27,2500000
21282756-8,Benjamín,,Carrasco,Muñoz,994072098,benjamin.carrasco124@hotmail.com,"San Diego 3823, Concepción",21,2100000
19726204-4,Josefa,Alejandro,Pizarro,Contreras,968942179,josefa.pizarro125@hotmail.com,"Janequeo 2714, Talcahuano",21,900000
20467930-4,Vicente,Belén,Fuentes,Leiva,946574051,vicente.fuentes126@gmail.com,"Rengo 1258, Hualpén",20,2600000
25037727-4,Ignacia,Paz,González,Carrasco,940551159,ignacia.gonzalez127@gmail.com,"Pedro de Valdivia 3929, Santiago",31,6200000
25738111-0,Sofía,Nicolás,Bustos,Reyes,934832562,sofia.bustos128@outlook.com,"Chacabuco 1633, Santiago",32,8200000
16177785-4,Andrés,María,Contreras,Figueroa,993371926,andres.contreras129@gmail.com,"Los Notros 672, Santiago",27,6100000
25932429-7,Ana,Eduardo,Saavedra,Reyes,925255886,ana.saavedra130@hotmail.com,"Prat 3647, Chiguayante",28,1600000
21865372-3,Sofía,Macarena,Figueroa,Leiva,935047237,sofia.figueroa131@outlook.com,"Maipú 208, Chiguayante",32,2700000
22687813-0,Daniela,Macarena,Cáceres,Acosta,961599363,daniela.caceres132@gmail.com,"Avenida Brasil 1300, Concepción",30,6900000
16060428-K,Josefa,Esteban,Bravo,Figueroa,948721222,josefa.bravo133@hotmail.com,"Paicaví 1431, San Pedro de la Paz",23,5000000
23753825-0,Lucas,Alejandra,Leiva,Pérez,971797498,lucas.leiva134@outlook.com,"Caupolicán 2684, Hualpén",51,4300000
18885361-7,Josefa,Gabriel,Silva,Medina,927185554,josefa.silva135@hotmail.com,"Barros Arana 1068, Hualpén",34,5000000
22828283-9,Nicolás,Catalina,Carrasco,Navarro,947135146,nicolas.carrasco136@gmail.com,"Las Heras 1045, Chiguayante",32,2900000
21641641-4,Camila,Vicente,Tapia,Figueroa,905249873,camila.tapia137@hotmail.com,"Lincoyán 386, Talcahuano",46,7000000
22955581-2,Tomás,Gabriel,Leiva,Medina,973898473,tomas.leiva138@gmail.com,"Pedro de Valdivia 2797, Hualpén",57,3800000
24204426-6,Martina,Fernanda,Rivera,Henríquez,941712103,martina.rivera139@hotmail.com,"Diagonal Oriente 2032, Concepción",18,7300000
21513747-3,Isidora,Antonia,Cortés,Araya,987471682,isidora.cortes140@gmail.com,"Chacabuco 3606, Viña del Mar",26,7600000
20119080-0,Maximiliano,Tomás,Vera,Araya,964974185,maximiliano.vera141@gmail.com,"Janequeo 2260, Chiguayante",29,4900000
18881044-6,Andrés,Alejandro,Sepulveda,Molina,958136223,andres.sepulveda142@uandresbello.edu,"Chacabuco 2352, Chiguayante",43,2600000
21336120-1,Francisca,Javier,Aguilera,Rivera,958446561,francisca.aguilera143@uandresbello.edu,"Natanael Cox 1084, Santiago",27,1400000
19535914-8,Tomás,Antonia,Soto,González,960184151,tomas.soto144@uandresbello.edu,"Maipú 3501, Concepción",22,8300000
17024639-K,Sebastián,Eduardo,Aguilera,Vera,956491419,sebastian.aguilera145@gmail.com,"La Coruña 1322, Viña del Mar",50,1000000
24610836-6,Martín,,Pizarro,Carrasco,912614478,martin.pizarro146@outlook.com,"San Diego 3688, Valparaíso",21,1500000
25600366-K,Antonia,Antonio,Saavedra,Tapia,983350134,antonia.saavedra147@gmail.com,"Natanael Cox 1365, Valparaíso",58,7900000
21350503-3,Gabriel,,Araya,Lagos,956028831,gabriel.araya148@outlook.com,"Avenida Brasil 3241, Chiguayante",57,5600000
18809930-0,Paula,Francisco,Aguilera,Valdés,970194601,paula.aguilera149@gmail.com,"Natanael Cox 3869, San Pedro de la Paz",36,4600000
24841929-6,Josefa,Alejandro,Campos,Carrasco,906760320,josefa.campos150@gmail.com,"Prat 1743, Viña del Mar",50,5000000
23406462-2,Sebastián,Antonia,Fuentes,Sepulveda,949318539,sebastian.fuentes151@uandresbello.edu,"Los Carrera 2983, Valparaíso",28,1600000
19356903-K,Bastián,Macarena,Miranda,Carrasco,993369358,bastian.miranda152@outlook.com,"Irarrázaval 3820, San Pedro de la Paz",50,5600000
21157267-1,Maximiliano,,Medina,Acosta,932625776,maximiliano.medina153@outlook.com,"O'Higgins 614, San Pedro de la Paz",29,7900000
17036547-K,María,Josefina,Araya,Bravo,996557012,maria.araya154@outlook.com,"Avenida Brasil 1508, San Pedro de la Paz",40,5500000
18871925-2,Maximiliano,Alejandra,Tapia,Rivera,936204323,maximiliano.tapia155@outlook.com,"Barros Arana 218, Hualpén",26,1000000
22149343-5,Sofía,Belén,Molina,Contreras,989274321,sofia.molina156@outlook.com,"Maipú 3135, Santiago",34,1000000
23012105-2,Martín,Belén,Flores,Valdés,952109328,martin.flores157@gmail.com,"Natanael Cox 2881, Chiguayante",31,4800000
18714858-8,Constanza,Alejandra,Torres,Molina,917543471,constanza.torres158@gmail.com,"Las Heras 2339, Talcahuano",17,8400000
19397742-1,Andrés,Fernanda,Rojas,Tapia,980676878,andres.rojas159@outlook.com,"Pedro de Valdivia 1689, Viña del Mar",38,3400000
25767524-6,Pamela,Javier,Cáceres,Campos,949615954,pamela.caceres160@uandresbello.edu,"Paicaví 723, Chiguayante",19,5500000
22522375-0,Francisca,Fernanda,Aguilera,Leiva,911947180,francisca.aguilera161@hotmail.com,"Pedro de Valdivia 1750, Hualpén",25,6200000
25241868-7,Agustín,,Ortiz,Pizarro,975227476,agustin.ortiz162@hotmail.com,"Lincoyán 1293, Valparaíso",27,5200000
18131669-1,Ignacia,Esteban,Medina,Molina,915441833,ignacia.medina163@hotmail.com,"Irarrázaval 752, San Pedro de la Paz",42,3300000
20519725-7,Antonia,Fernanda,Valdés,Soto,975546464,antonia.valdes164@hotmail.com,"Janequeo 3594, Concepción",29,2300000
17670699-6,Vicente,Matías,Bustos,Pérez,977275697,vicente.bustos165@hotmail.com,"San Diego 2997, Concepción",34,3100000
18016195-3,Martina,Josefina,Leiva,Molina,943005240,martina.leiva166@uandresbello.edu,"Natanael Cox 2041, Chiguayante",39,8000000
18768248-7,Ignacio,Antonia,Campos,Bravo,989222269,ignacio.campos167@uandresbello.edu,"Vicuña Mackenna 3378, San Pedro de la Paz",45,3300000
19893708-8,Ignacio,Andrés,Henríquez,Pizarro,962522449,ignacio.henriquez168@uandresbello.edu,"Paicaví 1364, Valparaíso",25,4300000
16958507-5,Nicolás,Andrés,Cortés,Lagos,977692282,nicolas.cortes169@uandresbello.edu,"Rengo 3596, Valparaíso",46,8300000
16011841-5,Rodrigo,Andrés,Vera,Castillo,911202878,rodrigo.vera170@hotmail.com,"Chacabuco 331, Santiago",33,7100000
21427241-5,Catalina,Andrea,Muñoz,Miranda,954326455,catalina.munoz171@outlook.com,"La Coruña 3559, Hualpén",37,8500000
24124610-8,Sofía,Francisca,Rivera,Castillo,974566187,sofia.rivera172@gmail.com,"Caupolicán 1446, Viña del Mar",34,7200000
25737422-K,Agustín,Nicolás,Molina,Miranda,983363451,agustin.molina173@hotmail.com,"Avenida Brasil 3828, Hualpén",32,4800000
21716725-6,Ana,Paz,Tapia,González,972643630,ana.tapia174@outlook.com,"La Coruña 3826, Chiguayante",20,5900000
21883222-9,Josefa,Esteban,Rojas,Morales,917509580,josefa.rojas175@outlook.com,"Avenida Brasil 1158, Chiguayante",56,4500000
22147607-7,Benjamín,Constanza,Torres,Leiva,900067628,benjamin.torres176@hotmail.com,"Paicaví 2024, Santiago",34,7300000
23682915-4,Valentina,Sebastián,Carrasco,Miranda,922853307,valentina.carrasco177@outlook.com,"Avenida Argentina 3517, Hualpén",60,900000
17143791-1,Joaquín,Felipe,Cáceres,Lagos,998201641,joaquin.caceres178@uandresbello.edu,"Barros Arana 948, Hualpén",62,3400000
19450430-6,Sofía,Catalina,Morales,Gutiérrez,902379242,sofia.morales179@uandresbello.edu,"Avenida Brasil 3022, Santiago",25,3800000
25011846-5,Sebastián,Javier,Gutiérrez,Pérez,944770649,sebastian.gutierrez180@gmail.com,"Avenida Colón 1414, Valparaíso",46,4900000
19403608-6,Josefa,Macarena,Silva,Molina,959871699,josefa.silva181@hotmail.com,"Pedro de Valdivia 102, Talcahuano",49,5000000
19409790-5,Felipe,Paz,Acosta,Bravo,965331984,felipe.acosta182@uandresbello.edu,"Avenida Argentina 2162, Talcahuano",18,3100000
23719960-K,Florencia,Antonia,Flores,Araya,978978723,florencia.flores183@gmail.com,"Caupolicán 2178, Chiguayante",21,4500000
23744785-9,Carmen,Vicente,Pérez,Henríquez,932128715,carmen.perez184@outlook.com,"Natanael Cox 3079, Viña del Mar",30,1100000
24137061-5,Diego,Javier,Henríquez,Morales,934219463,diego.henriquez185@uandresbello.edu,"Avenida Colón 1855, Hualpén",24,7900000
21259349-4,Valentina,Francisca,Pizarro,Valdés,909770589,valentina.pizarro186@uandresbello.edu,"Avenida Argentina 3338, San Pedro de la Paz",55,5800000
17130497-0,Camila,Francisca,Miranda,Ortiz,938487470,camila.miranda187@gmail.com,"Caupolicán 853, Hualpén",19,7100000
18931100-1,Andrés,Catalina,Rojas,Valdés,922175769,andres.rojas188@outlook.com,"Avenida Colón 2036, Santiago",45,2300000
24410863-6,Sofía,Vicente,Flores,Medina,905950918,sofia.flores189@hotmail.com,"Los Aromos 3654, Valparaíso",54,6700000
21538540-K,Diego,Alejandro,Sepulveda,Miranda,962189739,diego.sepulveda190@outlook.com,"Avenida Colón 1301, San Pedro de la Paz",27,5500000
17190004-2,Rodrigo,Esteban,Contreras,Castillo,982024837,rodrigo.contreras191@outlook.com,"Natanael Cox 934, Santiago",48,6000000
17392298-1,Lucas,Francisco,Rojas,Carrasco,952735389,lucas.rojas192@uandresbello.edu,"Natanael Cox 2629, Concepción",16,6000000
22571756-7,Martín,Felipe,Medina,Navarro,914448770,martin.medina193@hotmail.com,"Prat 3347, Valparaíso",16,1200000
21642032-2,Constanza,Belén,Henríquez,Navarro,907206412,constanza.henriquez194@outlook.com,"Prat 2718, Concepción",39,1000000
16386539-4,Cristóbal,Catalina,Cortés,Rivera,955200836,cristobal.cortes195@hotmail.com,"Eyzaguirre 160, Chiguayante",22,3800000
24676294-5,Matías,Vicente,Araya,Cáceres,967690597,matias.araya196@outlook.com,"Maipú 656, Valparaíso",46,3200000
21355081-0,Ana,Isabel,González,Sepulveda,940684729,ana.gonzalez197@gmail.com,"Freire 2619, Concepción",26,5500000
16531290-2,Pablo,Vicente,Molina,Vargas,965279121,pablo.molina198@gmail.com,"Pedro de Valdivia 447, San Pedro de la Paz",59,900000
17361082-3,Benjamín,,Miranda,Morales,944433555,benjamin.miranda199@gmail.com,"Lincoyán 2400, Chiguayante",38,2300000
21339540-8,Carmen,Andrés,Campos,Leiva,913200962,carmen.campos200@gmail.com,"O'Higgins 2441, Santiago",46,1300000
21069619-9,Ignacia,Esteban,Aguilera,Muñoz,991160055,ignacia.aguilera201@outlook.com,"Janequeo 2385, Chiguayante",33,1200000
23965387-1,Sofía,Vicente,González,Aguilera,983104791,sofia.gonzalez202@hotmail.com,"Las Heras 2344, Viña del Mar",30,1300000
23034216-4,Ignacio,Isabel,Miranda,Cáceres,934837049,ignacio.miranda203@gmail.com,"Rengo 3150, Valparaíso",54,8200000
23247288-K,Valentina,Francisco,Vargas,Fuentes,970099891,valentina.vargas204@outlook.com,"Janequeo 1034, Concepción",22,3300000
20492510-0,Martina,Antonio,Leiva,Bustos,986824275,martina.leiva205@gmail.com,"Pedro de Valdivia 513, Concepción",34,7600000
18996497-8,Gabriel,Matías,Vera,Torres,905757216,gabriel.vera206@hotmail.com,"Vicuña Mackenna 1111, Concepción",23,2300000
19826521-7,Cristóbal,Esteban,Flores,Cáceres,995470649,cristobal.flores207@outlook.com,"Vicuña Mackenna 2706, Viña del Mar",35,2400000
23284235-0,Catalina,Alejandra,Carrasco,Tapia,958507874,catalina.carrasco208@gmail.com,"Los Carrera 2150, Hualpén",31,3900000
23358394-4,Benjamín,Antonia,Silva,Cáceres,966484008,benjamin.silva209@hotmail.com,"Natanael Cox 3003, Chiguayante",31,2500000
25318064-1,Fernanda,Francisca,Tapia,Rivera,954510056,fernanda.tapia210@uandresbello.edu,"Natanael Cox 2806, Hualpén",30,8500000
18629600-1,Daniela,,Tapia,Pérez,913466158,daniela.tapia211@uandresbello.edu,"Vicuña Mackenna 135, Concepción",28,5500000
24457114-K,Francisca,Andrea,Tapia,Reyes,992280530,francisca.tapia212@gmail.com,"Avenida Colón 2324, Viña del Mar",36,5700000
23559368-8,Gabriel,Macarena,Aguilera,Pizarro,952795157,gabriel.aguilera213@outlook.com,"La Coruña 1184, San Pedro de la Paz",53,1400000
21218175-7,Martina,Matías,Miranda,Rojas,976750615,martina.miranda214@hotmail.com,"Vicuña Mackenna 719, Viña del Mar",16,5000000
25656186-7,Andrés,Antonia,Rojas,Araya,951921426,andres.rojas215@uandresbello.edu,"Caupolicán 2289, Hualpén",23,3000000
21712141-8,Felipe,Antonio,Carrasco,Leiva,977650507,felipe.carrasco216@hotmail.com,"Avenida Brasil 3136, Chiguayante",19,4000000
16124432-5,Tomás,Ignacio,Navarro,Silva,931965994,tomas.navarro217@hotmail.com,"Los Carrera 2411, Chiguayante",31,8100000
16368895-6,Daniela,Esteban,González,Reyes,906965572,daniela.gonzalez218@outlook.com,"Prat 1710, Valparaíso",20,900000
25968513-3,Ana,Matías,Miranda,Aguilera,947339363,ana.miranda219@uandresbello.edu,"Caupolicán 383, Valparaíso",33,2900000
20318944-3,Martina,Andrea,Navarro,Aguilera,983948543,martina.navarro220@gmail.com,"Lincoyán 1555, Chiguayante",50,7400000
18429683-7,Nicolás,Francisca,Pérez,Figueroa,943220975,nicolas.perez221@uandresbello.edu,"Natanael Cox 738, Talcahuano",21,4400000
24227807-0,María,Macarena,Figueroa,Morales,907763810,maria.figueroa222@gmail.com,"Janequeo 2560, San Pedro de la Paz",54,3400000
22193683-3,Josefa,Javiera,González,Sepulveda,963916527,josefa.gonzalez223@outlook.com,"Lincoyán 2796, Hualpén",22,3400000
25475611-3,Pamela,Andrés,Figueroa,Rojas,904183612,pamela.figueroa224@outlook.com,"Los Notros 2981, Talcahuano",58,5100000
20180740-9,Agustín,Andrés,Sepulveda,Torres,930184305,agustin.sepulveda225@uandresbello.edu,"Barros Arana 2950, San Pedro de la Paz",35,6500000
23112686-4,María,Eduardo,Pérez,Campos,910288700,maria.perez226@gmail.com,"Paicaví 1303, Chiguayante",43,4000000
23456963-5,Matías,Alejandro,Molina,Rojas,945576484,matias.molina227@outlook.com,"Avenida Brasil 3499, Chiguayante",31,1000000
21727552-0,Cristóbal,Macarena,Flores,Bravo,971941820,cristobal.flores228@hotmail.com,"Lincoyán 3548, Chiguayante",54,3400000
20719566-9,Sofía,Macarena,Torres,Pizarro,911639805,sofia.torres229@uandresbello.edu,"Pedro de Valdivia 2344, San Pedro de la Paz",22,5300000
22009816-8,Ignacia,Javiera,Ortiz,Pizarro,929401942,ignacia.ortiz230@uandresbello.edu,"Pedro de Valdivia 2919, Santiago",43,3900000
20793393-7,Carmen,Catalina,Soto,Vera,923376012,carmen.soto231@uandresbello.edu,"Prat 1686, Chiguayante",31,5600000
19483569-8,Matías,Antonio,Contreras,Castillo,984242665,matias.contreras232@uandresbello.edu,"Las Heras 1234, Chiguayante",19,4500000
24075418-5,Camila,Belén,Silva,Aguilera,987589563,camila.silva233@hotmail.com,"Janequeo 1874, Talcahuano",22,8200000
16886223-7,Ana,Ignacia,Soto,Figueroa,947227335,ana.soto234@gmail.com,"San Diego 3449, Santiago",62,5400000
17338087-9,Pamela,Alejandro,Sepulveda,Cáceres,946546280,pamela.sepulveda235@outlook.com,"Eyzaguirre 1353, Talcahuano",18,6600000
21630038-6,Catalina,Isabel,Vera,Silva,960871723,catalina.vera236@hotmail.com,"Natanael Cox 834, Santiago",24,6600000
24426293-7,Camila,Macarena,Bravo,Rojas,966236165,camila.bravo237@outlook.com,"Diagonal Oriente 1775, Concepción",32,5800000
16213539-2,Paula,Constanza,Rivera,Cortés,970116436,paula.rivera238@uandresbello.edu,"Chacabuco 462, Concepción",50,3300000
18162348-9,Paula,Ignacio,Gutiérrez,Aguilera,944256690,paula.gutierrez239@outlook.com,"Caupolicán 1094, Viña del Mar",37,600000
20067901-6,Rodrigo,Antonia,Muñoz,Carrasco,944997382,rodrigo.munoz240@uandresbello.edu,"Lincoyán 3890, Chiguayante",31,800000
19373076-0,Josefa,Sebastián,Ortiz,Rivera,959700039,josefa.ortiz241@outlook.com,"Prat 2565, Viña del Mar",25,5900000
18449328-4,Valentina,Constanza,Aguilera,Campos,981541121,valentina.aguilera242@gmail.com,"Natanael Cox 2091, Chiguayante",54,4300000
16952571-4,Andrés,Macarena,Araya,Aguilera,929876004,andres.araya243@hotmail.com,"Las Heras 1996, Valparaíso",19,4700000
17059271-9,Matías,Javier,Castillo,Acosta,945360943,matias.castillo244@outlook.com,"Avenida Argentina 463, Talcahuano",38,3100000
22280282-2,Paula,Javier,Carrasco,Vera,946134110,paula.carrasco245@hotmail.com,"Las Heras 416, Hualpén",20,3900000
19185435-7,Agustín,Javier,Cáceres,Figueroa,904948644,agustin.caceres246@gmail.com,"Pedro de Valdivia 3140, Concepción",47,5100000
22196736-4,Lucas,Francisca,Figueroa,Vera,910919688,lucas.figueroa247@uandresbello.edu,"Freire 1311, Chiguayante",25,7700000
20766453-7,Paula,Constanza,Morales,Leiva,906727237,paula.morales248@outlook.com,"Eyzaguirre 2392, Talcahuano",25,2400000
18343418-7,Sebastián,Ignacio,Leiva,Soto,978096819,sebastian.leiva249@hotmail.com,"Las Heras 817, Chiguayante",25,3100000
23748092-9,Tomás,Macarena,Rivera,Rojas,955980223,tomas.rivera250@gmail.com,"Diagonal Oriente 3897, Santiago",33,7000000
21822394-K,Carmen,Esteban,Contreras,Valdés,939366300,carmen.contreras251@hotmail.com,"Las Heras 3689, Valparaíso",27,3100000
21474965-3,Benjamín,Antonio,Valdés,Medina,942620494,benjamin.valdes252@uandresbello.edu,"Los Carrera 443, Valparaíso",27,800000
21468915-4,Ana,Javiera,Araya,Miranda,926228812,ana.araya253@outlook.com,"San Diego 784, Chiguayante",63,2300000
20868929-0,Pablo,Macarena,Castillo,Contreras,932540945,pablo.castillo254@hotmail.com,"Natanael Cox 1426, Viña del Mar",19,6900000
18930872-8,Joaquín,María,Gutiérrez,Vera,979841798,joaquin.gutierrez255@uandresbello.edu,"Diagonal Oriente 3627, Concepción",18,5000000
16503822-3,Isidora,Andrés,Soto,Vargas,961292751,isidora.soto256@outlook.com,"O'Higgins 1020, Viña del Mar",33,5300000
17051721-0,Carmen,Esteban,Navarro,Soto,905537526,carmen.navarro257@hotmail.com,"Lincoyán 830, Chiguayante",39,2400000
17409903-0,Tomás,Josefina,Tapia,Muñoz,905602434,tomas.tapia258@gmail.com,"Los Carrera 2287, Viña del Mar",34,3400000
23842939-0,Vicente,Josefina,Molina,Aguilera,954013503,vicente.molina259@hotmail.com,"Vicuña Mackenna 881, Chiguayante",19,4200000
16827691-5,Ignacia,Tomás,Saavedra,Fuentes,969196915,ignacia.saavedra260@hotmail.com,"Lincoyán 2648, Valparaíso",28,3200000
18962584-7,Ignacio,Nicolás,Cáceres,Saavedra,905927379,ignacio.caceres261@uandresbello.edu,"Barros Arana 583, Talcahuano",40,1200000
22215226-7,Joaquín,Antonio,Miranda,Tapia,914025220,joaquin.miranda262@outlook.com,"Freire 2645, Santiago",47,7000000
16819723-3,Martín,Nicolás,Rivera,Vera,991341466,martin.rivera263@outlook.com,"Los Carrera 3299, Santiago",45,7000000
23911189-0,Nicolás,Francisca,Reyes,Bravo,916878447,nicolas.reyes264@uandresbello.edu,"Avenida Argentina 1511, Valparaíso",28,2200000
16847901-8,Florencia,Josefina,Tapia,Reyes,953309272,florencia.tapia265@outlook.com,"Las Heras 3118, Talcahuano",41,7800000
25225137-5,Benjamín,Felipe,Aguilera,Miranda,916113520,benjamin.aguilera266@hotmail.com,"O'Higgins 2324, Viña del Mar",48,1000000
18909024-2,Florencia,Vicente,Ortiz,Sepulveda,984832677,florencia.ortiz267@gmail.com,"Rengo 2538, Hualpén",29,4200000
17458099-5,Pamela,Catalina,Morales,Acosta,955455099,pamela.morales268@gmail.com,"Chacabuco 236, Valparaíso",55,8500000
25012092-3,María,,Vargas,Araya,906302662,maria.vargas269@uandresbello.edu,"Freire 1618, Talcahuano",55,6000000
16759117-5,Sebastián,Francisco,Rivera,Miranda,904924883,sebastian.rivera270@gmail.com,"Irarrázaval 2010, Chiguayante",41,4400000
22442162-1,Rodrigo,Javiera,Gutiérrez,González,993379870,rodrigo.gutierrez271@outlook.com,"Natanael Cox 2326, Valparaíso",22,2500000
25646478-0,Cristóbal,Vicente,Ortiz,Leiva,953431565,cristobal.ortiz272@hotmail.com,"Avenida Brasil 3481, Concepción",22,7100000
21453939-K,Lucas,María,Castillo,Tapia,977398613,lucas.castillo273@hotmail.com,"Los Carrera 1865, Santiago",20,6300000
18353830-6,Pablo,Antonio,González,Fuentes,909130549,pablo.gonzalez274@uandresbello.edu,"Eyzaguirre 2878, Hualpén",39,7200000
22397106-7,Martín,Gabriel,Figueroa,Cáceres,963913817,martin.figueroa275@hotmail.com,"Los Aromos 2537, Concepción",30,2200000
21946317-0,Josefa,Andrea,Cáceres,Contreras,952991079,josefa.caceres276@uandresbello.edu,"Irarrázaval 2513, Viña del Mar",29,1600000
24601214-8,Tomás,Antonia,Figueroa,Pizarro,926311514,tomas.figueroa277@gmail.com,"Eyzaguirre 2445, Chiguayante",34,6200000
20188789-5,Joaquín,María,Reyes,Figueroa,922447620,joaquin.reyes278@uandresbello.edu,"Los Carrera 987, Chiguayante",44,5900000
17431175-7,Daniela,Alejandra,Sepulveda,Medina,919187176,daniela.sepulveda279@outlook.com,"Vicuña Mackenna 594, Viña del Mar",41,3300000
16837951-K,Isidora,Antonio,Flores,Castillo,936542028,isidora.flores280@hotmail.com,"Freire 1988, Hualpén",19,5800000
19579019-1,Maximiliano,Catalina,Silva,Campos,906592421,maximiliano.silva281@gmail.com,"Avenida Colón 3896, Hualpén",39,5200000
18552871-5,Florencia,Sebastián,Castillo,Figueroa,989396479,florencia.castillo282@gmail.com,"Pedro de Valdivia 114, San Pedro de la Paz",43,6600000
22849616-2,Valentina,Francisca,Cortés,Lagos,901455857,valentina.cortes283@hotmail.com,"La Coruña 1623, Santiago",44,800000
21670360-K,Tomás,,Gutiérrez,Reyes,919437364,tomas.gutierrez284@outlook.com,"Los Carrera 3487, San Pedro de la Paz",48,600000
19799124-0,Pablo,Matías,Pérez,Molina,916748313,pablo.perez285@uandresbello.edu,"Los Aromos 1438, Viña del Mar",25,7100000
18938504-8,Maximiliano,María,Rivera,Bustos,940856753,maximiliano.rivera286@uandresbello.edu,"San Diego 1130, San Pedro de la Paz",34,6700000
16632717-2,Nicolás,Francisco,Ortiz,Contreras,962265790,nicolas.ortiz287@hotmail.com,"Vicuña Mackenna 2100, Hualpén",41,2600000
18223948-8,Constanza,Javiera,Campos,Gutiérrez,999374197,constanza.campos288@outlook.com,"Maipú 2758, Concepción",16,4100000
23747141-5,Martín,Sebastián,Cáceres,Flores,942978290,martin.caceres289@hotmail.com,"Vicuña Mackenna 1152, Viña del Mar",33,3700000
21039177-0,Nicolás,Ignacia,Pizarro,Sepulveda,967869587,nicolas.pizarro290@uandresbello.edu,"Diagonal Oriente 3509, Viña del Mar",60,1800000
23296098-1,Francisca,Catalina,Saavedra,Vargas,953915742,francisca.saavedra291@uandresbello.edu,"Avenida Brasil 1874, Chiguayante",45,3500000
18904259-0,Benjamín,Tomás,Carrasco,Muñoz,994956945,benjamin.carrasco292@outlook.com,"Los Aromos 1612, Concepción",39,3000000
18553551-7,Diego,Nicolás,Cortés,Morales,967093846,diego.cortes293@uandresbello.edu,"Irarrázaval 3490, Chiguayante",49,1700000
18690020-0,Daniela,María,Henríquez,Figueroa,999193368,daniela.henriquez294@uandresbello.edu,"Natanael Cox 1635, Talcahuano",41,2000000
21058172-3,Florencia,Antonia,Molina,Medina,957140645,florencia.molina295@gmail.com,"Caupolicán 234, Concepción",54,3400000
19575352-0,Tomás,Eduardo,Castillo,Bustos,958944285,tomas.castillo296@gmail.com,"Los Notros 2071, San Pedro de la Paz",34,3100000
16023306-0,Isidora,María,Vargas,Valdés,916858209,isidora.vargas297@hotmail.com,"Los Carrera 3452, Talcahuano",34,5100000
23456181-2,Camila,Antonio,Miranda,Vera,982333818,camila.miranda298@uandresbello.edu,"Pedro de Valdivia 3511, Concepción",64,1500000
22016194-3,Florencia,Gabriel,Tapia,Sepulveda,940908830,florencia.tapia299@uandresbello.edu,"Los Carrera 3561, Concepción",52,3100000
21792891-5,Benjamín,María,Lagos,Fuentes,997054752,benjamin.lagos300@hotmail.com,"Avenida Colón 562, Chiguayante",26,2200000
